-- MySQL dump 10.13  Distrib 5.7.29, for Linux (x86_64)
--
-- Host: localhost    Database: cbpro_ecommerce
-- ------------------------------------------------------
-- Server version	5.7.29-0ubuntu0.16.04.1

/*!40101 SET @OLD_CHARACTER_SET_CLIENT=@@CHARACTER_SET_CLIENT */;
/*!40101 SET @OLD_CHARACTER_SET_RESULTS=@@CHARACTER_SET_RESULTS */;
/*!40101 SET @OLD_COLLATION_CONNECTION=@@COLLATION_CONNECTION */;
/*!40101 SET NAMES utf8 */;
/*!40103 SET @OLD_TIME_ZONE=@@TIME_ZONE */;
/*!40103 SET TIME_ZONE='+00:00' */;
/*!40014 SET @OLD_UNIQUE_CHECKS=@@UNIQUE_CHECKS, UNIQUE_CHECKS=0 */;
/*!40014 SET @OLD_FOREIGN_KEY_CHECKS=@@FOREIGN_KEY_CHECKS, FOREIGN_KEY_CHECKS=0 */;
/*!40101 SET @OLD_SQL_MODE=@@SQL_MODE, SQL_MODE='NO_AUTO_VALUE_ON_ZERO' */;
/*!40111 SET @OLD_SQL_NOTES=@@SQL_NOTES, SQL_NOTES=0 */;

--
-- Table structure for table `tbl_advertisement`
--

DROP TABLE IF EXISTS `tbl_advertisement`;
/*!40101 SET @saved_cs_client     = @@character_set_client */;
/*!40101 SET character_set_client = utf8 */;
CREATE TABLE `tbl_advertisement` (
  `adv_id` int(11) NOT NULL AUTO_INCREMENT,
  `adv_location` varchar(255) NOT NULL,
  `adv_type` varchar(100) NOT NULL,
  `adv_photo` varchar(255) NOT NULL,
  `adv_url` varchar(255) NOT NULL,
  `adv_adsense_code` text NOT NULL,
  PRIMARY KEY (`adv_id`)
) ENGINE=InnoDB AUTO_INCREMENT=7 DEFAULT CHARSET=latin1;
/*!40101 SET character_set_client = @saved_cs_client */;

--
-- Dumping data for table `tbl_advertisement`
--

LOCK TABLES `tbl_advertisement` WRITE;
/*!40000 ALTER TABLE `tbl_advertisement` DISABLE KEYS */;
INSERT INTO `tbl_advertisement` VALUES (1,'Above Welcome Section','Image Advertisement','ad-1.png','#',''),(2,'Above Featured Product','Image Advertisement','ad-2.png','',''),(3,'Above Latest Product','Image Advertisement','ad-3.png','',''),(4,'Above Popular Product','Image Advertisement','ad-4.png','',''),(5,'Above Testimonial Section','Image Advertisement','ad-5.png','',''),(6,'Category Page Sidebar','Image Advertisement','ad-6.png','','');
/*!40000 ALTER TABLE `tbl_advertisement` ENABLE KEYS */;
UNLOCK TABLES;

--
-- Table structure for table `tbl_category`
--

DROP TABLE IF EXISTS `tbl_category`;
/*!40101 SET @saved_cs_client     = @@character_set_client */;
/*!40101 SET character_set_client = utf8 */;
CREATE TABLE `tbl_category` (
  `category_id` int(11) NOT NULL AUTO_INCREMENT,
  `category_name` varchar(255) NOT NULL,
  `category_slug` varchar(255) NOT NULL,
  `meta_title` varchar(255) NOT NULL,
  `meta_keyword` text NOT NULL,
  `meta_description` text NOT NULL,
  PRIMARY KEY (`category_id`)
) ENGINE=InnoDB AUTO_INCREMENT=5 DEFAULT CHARSET=latin1;
/*!40101 SET character_set_client = @saved_cs_client */;

--
-- Dumping data for table `tbl_category`
--

LOCK TABLES `tbl_category` WRITE;
/*!40000 ALTER TABLE `tbl_category` DISABLE KEYS */;
INSERT INTO `tbl_category` VALUES (1,'Commercial','commercial','Commercial','',''),(2,'Residential','residential','Residential','',''),(3,'Economy','economy','Economy','',''),(4,'Tools and Equipment','tools-and-equipment','Tools and Equipment','','');
/*!40000 ALTER TABLE `tbl_category` ENABLE KEYS */;
UNLOCK TABLES;

--
-- Table structure for table `tbl_color`
--

DROP TABLE IF EXISTS `tbl_color`;
/*!40101 SET @saved_cs_client     = @@character_set_client */;
/*!40101 SET character_set_client = utf8 */;
CREATE TABLE `tbl_color` (
  `color_id` int(11) NOT NULL AUTO_INCREMENT,
  `color_name` varchar(255) NOT NULL,
  `color_name_chinese` varchar(255) NOT NULL,
  PRIMARY KEY (`color_id`)
) ENGINE=InnoDB AUTO_INCREMENT=22 DEFAULT CHARSET=latin1;
/*!40101 SET character_set_client = @saved_cs_client */;

--
-- Dumping data for table `tbl_color`
--

LOCK TABLES `tbl_color` WRITE;
/*!40000 ALTER TABLE `tbl_color` DISABLE KEYS */;
INSERT INTO `tbl_color` VALUES (1,'Red','Ch Red'),(2,'Black','Ch Black'),(3,'Blue','Ch Blue'),(4,'Yellow','Ch Yellow'),(5,'Green','Ch Green'),(6,'White','Ch White'),(7,'Orange','Ch Orange'),(8,'Brown','Ch Brown'),(9,'Tan','Ch Tan'),(10,'Pink','Ch Pink'),(11,'Mixed','Ch Mixed'),(12,'Lightblue','Ch Lightblue'),(13,'Violet','Ch Violet'),(14,'Light Purple','Ch Light Purple'),(15,'Salmon','Ch Salmon'),(16,'Gold','Ch Gold'),(17,'Gray','Ch Gray'),(18,'Ash','Ch Ash'),(19,'Maroon','Ch Maroon'),(20,'Silver','Ch Silver'),(21,'Test','Ch Test 1');
/*!40000 ALTER TABLE `tbl_color` ENABLE KEYS */;
UNLOCK TABLES;

--
-- Table structure for table `tbl_country`
--

DROP TABLE IF EXISTS `tbl_country`;
/*!40101 SET @saved_cs_client     = @@character_set_client */;
/*!40101 SET character_set_client = utf8 */;
CREATE TABLE `tbl_country` (
  `country_id` int(11) NOT NULL AUTO_INCREMENT,
  `country_name` varchar(100) NOT NULL DEFAULT '',
  PRIMARY KEY (`country_id`)
) ENGINE=MyISAM AUTO_INCREMENT=246 DEFAULT CHARSET=utf8;
/*!40101 SET character_set_client = @saved_cs_client */;

--
-- Dumping data for table `tbl_country`
--

LOCK TABLES `tbl_country` WRITE;
/*!40000 ALTER TABLE `tbl_country` DISABLE KEYS */;
INSERT INTO `tbl_country` VALUES (1,'Afghanistan'),(2,'Albania'),(3,'Algeria'),(4,'American Samoa'),(5,'Andorra'),(6,'Angola'),(7,'Anguilla'),(8,'Antarctica'),(9,'Antigua and Barbuda'),(10,'Argentina'),(11,'Armenia'),(12,'Aruba'),(13,'Australia'),(14,'Austria'),(15,'Azerbaijan'),(16,'Bahamas'),(17,'Bahrain'),(18,'Bangladesh'),(19,'Barbados'),(20,'Belarus'),(21,'Belgium'),(22,'Belize'),(23,'Benin'),(24,'Bermuda'),(25,'Bhutan'),(26,'Bolivia'),(27,'Bosnia and Herzegovina'),(28,'Botswana'),(29,'Bouvet Island'),(30,'Brazil'),(31,'British Indian Ocean Territory'),(32,'Brunei Darussalam'),(33,'Bulgaria'),(34,'Burkina Faso'),(35,'Burundi'),(36,'Cambodia'),(37,'Cameroon'),(38,'Canada'),(39,'Cape Verde'),(40,'Cayman Islands'),(41,'Central African Republic'),(42,'Chad'),(43,'Chile'),(44,'China'),(45,'Christmas Island'),(46,'Cocos (Keeling) Islands'),(47,'Colombia'),(48,'Comoros'),(49,'Congo'),(50,'Cook Islands'),(51,'Costa Rica'),(52,'Croatia (Hrvatska)'),(53,'Cuba'),(54,'Cyprus'),(55,'Czech Republic'),(56,'Denmark'),(57,'Djibouti'),(58,'Dominica'),(59,'Dominican Republic'),(60,'East Timor'),(61,'Ecuador'),(62,'Egypt'),(63,'El Salvador'),(64,'Equatorial Guinea'),(65,'Eritrea'),(66,'Estonia'),(67,'Ethiopia'),(68,'Falkland Islands (Malvinas)'),(69,'Faroe Islands'),(70,'Fiji'),(71,'Finland'),(72,'France'),(73,'France, Metropolitan'),(74,'French Guiana'),(75,'French Polynesia'),(76,'French Southern Territories'),(77,'Gabon'),(78,'Gambia'),(79,'Georgia'),(80,'Germany'),(81,'Ghana'),(82,'Gibraltar'),(83,'Guernsey'),(84,'Greece'),(85,'Greenland'),(86,'Grenada'),(87,'Guadeloupe'),(88,'Guam'),(89,'Guatemala'),(90,'Guinea'),(91,'Guinea-Bissau'),(92,'Guyana'),(93,'Haiti'),(94,'Heard and Mc Donald Islands'),(95,'Honduras'),(96,'Hong Kong'),(97,'Hungary'),(98,'Iceland'),(99,'India'),(100,'Isle of Man'),(101,'Indonesia'),(102,'Iran (Islamic Republic of)'),(103,'Iraq'),(104,'Ireland'),(105,'Israel'),(106,'Italy'),(107,'Ivory Coast'),(108,'Jersey'),(109,'Jamaica'),(110,'Japan'),(111,'Jordan'),(112,'Kazakhstan'),(113,'Kenya'),(114,'Kiribati'),(115,'Korea, Democratic People\'s Republic of'),(116,'Korea, Republic of'),(117,'Kosovo'),(118,'Kuwait'),(119,'Kyrgyzstan'),(120,'Lao People\'s Democratic Republic'),(121,'Latvia'),(122,'Lebanon'),(123,'Lesotho'),(124,'Liberia'),(125,'Libyan Arab Jamahiriya'),(126,'Liechtenstein'),(127,'Lithuania'),(128,'Luxembourg'),(129,'Macau'),(130,'Macedonia'),(131,'Madagascar'),(132,'Malawi'),(133,'Malaysia'),(134,'Maldives'),(135,'Mali'),(136,'Malta'),(137,'Marshall Islands'),(138,'Martinique'),(139,'Mauritania'),(140,'Mauritius'),(141,'Mayotte'),(142,'Mexico'),(143,'Micronesia, Federated States of'),(144,'Moldova, Republic of'),(145,'Monaco'),(146,'Mongolia'),(147,'Montenegro'),(148,'Montserrat'),(149,'Morocco'),(150,'Mozambique'),(151,'Myanmar'),(152,'Namibia'),(153,'Nauru'),(154,'Nepal'),(155,'Netherlands'),(156,'Netherlands Antilles'),(157,'New Caledonia'),(158,'New Zealand'),(159,'Nicaragua'),(160,'Niger'),(161,'Nigeria'),(162,'Niue'),(163,'Norfolk Island'),(164,'Northern Mariana Islands'),(165,'Norway'),(166,'Oman'),(167,'Pakistan'),(168,'Palau'),(169,'Palestine'),(170,'Panama'),(171,'Papua New Guinea'),(172,'Paraguay'),(173,'Peru'),(174,'Philippines'),(175,'Pitcairn'),(176,'Poland'),(177,'Portugal'),(178,'Puerto Rico'),(179,'Qatar'),(180,'Reunion'),(181,'Romania'),(182,'Russian Federation'),(183,'Rwanda'),(184,'Saint Kitts and Nevis'),(185,'Saint Lucia'),(186,'Saint Vincent and the Grenadines'),(187,'Samoa'),(188,'San Marino'),(189,'Sao Tome and Principe'),(190,'Saudi Arabia'),(191,'Senegal'),(192,'Serbia'),(193,'Seychelles'),(194,'Sierra Leone'),(195,'Singapore'),(196,'Slovakia'),(197,'Slovenia'),(198,'Solomon Islands'),(199,'Somalia'),(200,'South Africa'),(201,'South Georgia South Sandwich Islands'),(202,'Spain'),(203,'Sri Lanka'),(204,'St. Helena'),(205,'St. Pierre and Miquelon'),(206,'Sudan'),(207,'Suriname'),(208,'Svalbard and Jan Mayen Islands'),(209,'Swaziland'),(210,'Sweden'),(211,'Switzerland'),(212,'Syrian Arab Republic'),(213,'Taiwan'),(214,'Tajikistan'),(215,'Tanzania, United Republic of'),(216,'Thailand'),(217,'Togo'),(218,'Tokelau'),(219,'Tonga'),(220,'Trinidad and Tobago'),(221,'Tunisia'),(222,'Turkey'),(223,'Turkmenistan'),(224,'Turks and Caicos Islands'),(225,'Tuvalu'),(226,'Uganda'),(227,'Ukraine'),(228,'United Arab Emirates'),(229,'United Kingdom'),(230,'United States'),(231,'United States minor outlying islands'),(232,'Uruguay'),(233,'Uzbekistan'),(234,'Vanuatu'),(235,'Vatican City State'),(236,'Venezuela'),(237,'Vietnam'),(238,'Virgin Islands (British)'),(239,'Virgin Islands (U.S.)'),(240,'Wallis and Futuna Islands'),(241,'Western Sahara'),(242,'Yemen'),(243,'Zaire'),(244,'Zambia'),(245,'Zimbabwe');
/*!40000 ALTER TABLE `tbl_country` ENABLE KEYS */;
UNLOCK TABLES;

--
-- Table structure for table `tbl_customer`
--

DROP TABLE IF EXISTS `tbl_customer`;
/*!40101 SET @saved_cs_client     = @@character_set_client */;
/*!40101 SET character_set_client = utf8 */;
CREATE TABLE `tbl_customer` (
  `cust_id` int(11) NOT NULL AUTO_INCREMENT,
  `cust_name` varchar(100) NOT NULL,
  `cust_cname` varchar(100) NOT NULL,
  `cust_email` varchar(100) NOT NULL,
  `cust_phone` varchar(50) NOT NULL,
  `cust_country` int(11) NOT NULL,
  `cust_address` text NOT NULL,
  `cust_city` varchar(100) NOT NULL,
  `cust_state` varchar(100) NOT NULL,
  `cust_zip` varchar(30) NOT NULL,
  `cust_b_name` varchar(100) NOT NULL,
  `cust_b_cname` varchar(100) NOT NULL,
  `cust_b_phone` varchar(50) NOT NULL,
  `cust_b_country` int(11) NOT NULL,
  `cust_b_address` text NOT NULL,
  `cust_b_city` varchar(100) NOT NULL,
  `cust_b_state` varchar(100) NOT NULL,
  `cust_b_zip` varchar(30) NOT NULL,
  `cust_s_name` varchar(100) NOT NULL,
  `cust_s_cname` varchar(100) NOT NULL,
  `cust_s_phone` varchar(50) NOT NULL,
  `cust_s_country` int(11) NOT NULL,
  `cust_s_address` text NOT NULL,
  `cust_s_city` varchar(100) NOT NULL,
  `cust_s_state` varchar(100) NOT NULL,
  `cust_s_zip` varchar(30) NOT NULL,
  `cust_password` varchar(100) NOT NULL,
  `cust_token` varchar(255) NOT NULL,
  `cust_datetime` varchar(100) NOT NULL,
  `cust_timestamp` varchar(100) NOT NULL,
  `cust_status` int(1) NOT NULL,
  PRIMARY KEY (`cust_id`)
) ENGINE=InnoDB AUTO_INCREMENT=4 DEFAULT CHARSET=latin1;
/*!40101 SET character_set_client = @saved_cs_client */;

--
-- Dumping data for table `tbl_customer`
--

LOCK TABLES `tbl_customer` WRITE;
/*!40000 ALTER TABLE `tbl_customer` DISABLE KEYS */;
INSERT INTO `tbl_customer` VALUES (1,'John Doe','ABC','customer@gmail.com','123-123-1234',230,'Test Address','Test City','N/A','123456','John Doe','ABC','123-123-1234',18,'Test Address','Test City','N/A','123456','John Doe','ABC','123-123-1234',230,'Test Address','Test City','N/A','123456','81dc9bdb52d04dc20036dbd8313ed055','','2018-01-17 09:40:25','',1),(2,'Peter Smith','DEF','customer2@gmail.com','123-123-1234',230,'Test Address','Test City','N/A','123456','','','',0,'','','','','','','',0,'','','','','81dc9bdb52d04dc20036dbd8313ed055','','2018-01-17 07:11:12','1516194672',1),(3,'Robert Bent','XYZ','customer3@gmail.com','123-123-1234',230,'Test Address','Test City','N/A','123456','Robert Bent','XYZ','123-123-1234',18,'Test Address','Test City','N/A','123456','Robert Bent','XYZ','123-123-1234',230,'Test Address','Test City','N/A','123456','1c0cf8531727fc9b407e5b40ec203338','','2018-02-06 11:44:27','1517895867',1);
/*!40000 ALTER TABLE `tbl_customer` ENABLE KEYS */;
UNLOCK TABLES;

--
-- Table structure for table `tbl_customer_message`
--

DROP TABLE IF EXISTS `tbl_customer_message`;
/*!40101 SET @saved_cs_client     = @@character_set_client */;
/*!40101 SET character_set_client = utf8 */;
CREATE TABLE `tbl_customer_message` (
  `customer_message_id` int(11) NOT NULL AUTO_INCREMENT,
  `subject` varchar(255) NOT NULL,
  `message` text NOT NULL,
  `order_detail` text NOT NULL,
  `cust_id` int(11) NOT NULL,
  PRIMARY KEY (`customer_message_id`)
) ENGINE=MyISAM AUTO_INCREMENT=9 DEFAULT CHARSET=latin1;
/*!40101 SET character_set_client = @saved_cs_client */;

--
-- Dumping data for table `tbl_customer_message`
--

LOCK TABLES `tbl_customer_message` WRITE;
/*!40000 ALTER TABLE `tbl_customer_message` DISABLE KEYS */;
INSERT INTO `tbl_customer_message` VALUES (5,'Shipping complete','Thank you','\r\nCustomer Name: Morshedul Arefin<br>\r\nCustomer Email: arefin2k@gmail.com<br>\r\nPayment Date: 2018-01-24 21:50:13<br>\r\nTransaction Id: Morshedul Arefin<br>\r\nPaid Amount: <br>\r\nPayment Status: Completed<br>\r\nShipping Status: Completed<br>\r\nPayment Id: 1516809013<br>\r\n            \r\n<br><b><u>Product Item 1</u></b><br>\r\nProduct Name: Star Wars Darth Vader<br>\r\nSize: S<br>\r\nColor: Red<br>\r\nQuantity: 3<br>\r\nUnit Price: 20<br>\r\n            \r\n<br><b><u>Product Item 2</u></b><br>\r\nProduct Name: Charismatic Red Cotton T-shirt for Men<br>\r\nSize: <br>\r\nColor: Yellow<br>\r\nQuantity: 2<br>\r\nUnit Price: 10<br>\r\n            ',1),(4,'Very well website man!','This is a great oppotunity that you made a website for us. ','\r\nCustomer Name: Morshedul Arefin<br>\r\nCustomer Email: arefin2k@gmail.com<br>\r\nPayment Date: 2018-01-23 09:12:03<br>\r\nTransaction Id: Morshedul Arefin<br>\r\nPaid Amount: 73X439878E771115E<br>\r\nPayment Status: Completed<br>\r\nShipping Status: Pending<br>\r\nPayment Id: 1516677123<br>\r\n            \r\n<b><u>Product Item 1</u></b><br>\r\nProduct Name: Star Wars Darth Vader<br>\r\nSize: S<br>\r\nColor: Red<br>\r\nQuantity: 2<br>\r\nUnit Price: 20<br>\r\n            \r\n<b><u>Product Item 2</u></b><br>\r\nProduct Name: Pant 1<br>\r\nSize: XS<br>\r\nColor: White<br>\r\nQuantity: 1<br>\r\nUnit Price: 12<br>\r\n            ',1),(6,'sdfsdf','sdfsdfsdfsdf','\r\nCustomer Name: Morshedul Arefin<br>\r\nCustomer Email: arefin2k@gmail.com<br>\r\nPayment Date: 2018-01-25 21:37:50<br>\r\nTransaction Id: Morshedul Arefin<br>\r\nPaid Amount: <br>\r\nPayment Status: Pending<br>\r\nShipping Status: Pending<br>\r\nPayment Id: 1516894670<br>\r\n            \r\n<br><b><u>Product Item 1</u></b><br>\r\nProduct Name: Star Wars Darth Vader<br>\r\nSize: S<br>\r\nColor: Red<br>\r\nQuantity: 1<br>\r\nUnit Price: 20<br>\r\n            ',1),(7,'OK','THANK YOU','\r\nCustomer Name: Morshedul Arefin<br>\r\nCustomer Email: arefin2k@gmail.com<br>\r\nPayment Method: Stripe<br>\r\nPayment Date: 2018-01-25 21:36:18<br>\r\nPayment Details: <br>\r\nTransaction Id: ch_1BoCm0BoKopKik6A5H4hB6zs<br>\r\nCard number: 4242424242424242<br>\r\nCard CVV: 444<br>\r\nCard Month: 12<br>\r\nCard Year: 2020<br>\r\n        		<br>\r\nPaid Amount: 20<br>\r\nPayment Status: Completed<br>\r\nShipping Status: Pending<br>\r\nPayment Id: 1516894578<br>\r\n            \r\n<br><b><u>Product Item 1</u></b><br>\r\nProduct Name: Star Wars Darth Vader<br>\r\nSize: S<br>\r\nColor: Red<br>\r\nQuantity: 1<br>\r\nUnit Price: 20<br>\r\n            ',1),(8,'sdf','sdf','\r\nCustomer Name: John Doe<br>\r\nCustomer Email: customer@gmail.com<br>\r\nPayment Method: MetaMask<br>\r\nPayment Date: 2020-05-16 23:38:10<br>\r\nPayment Details: <br><br>\r\nPaid Amount: 40<br>\r\nPayment Status: Completed<br>\r\nShipping Status: Pending<br>\r\nPayment Id: 1589650690<br>\r\n            \r\n<br><b><u>Product Item 1</u></b><br>\r\nProduct Name: Charismatic Red Cotton T-shirt for Men<br>\r\nSize: <br>\r\nColor: Red<br>\r\nQuantity: 1<br>\r\nUnit Price: 10<br>\r\n            \r\n<br><b><u>Product Item 2</u></b><br>\r\nProduct Name: Star Wars Darth Vader<br>\r\nSize: XL<br>\r\nColor: Yellow<br>\r\nQuantity: 1<br>\r\nUnit Price: 20<br>\r\n            ',1);
/*!40000 ALTER TABLE `tbl_customer_message` ENABLE KEYS */;
UNLOCK TABLES;

--
-- Table structure for table `tbl_end_category`
--

DROP TABLE IF EXISTS `tbl_end_category`;
/*!40101 SET @saved_cs_client     = @@character_set_client */;
/*!40101 SET character_set_client = utf8 */;
CREATE TABLE `tbl_end_category` (
  `ecat_id` int(11) NOT NULL AUTO_INCREMENT,
  `ecat_name` varchar(255) NOT NULL,
  `ecat_name_chinese` varchar(255) NOT NULL,
  `mcat_id` int(11) NOT NULL,
  PRIMARY KEY (`ecat_id`)
) ENGINE=InnoDB AUTO_INCREMENT=21 DEFAULT CHARSET=latin1;
/*!40101 SET character_set_client = @saved_cs_client */;

--
-- Dumping data for table `tbl_end_category`
--

LOCK TABLES `tbl_end_category` WRITE;
/*!40000 ALTER TABLE `tbl_end_category` DISABLE KEYS */;
INSERT INTO `tbl_end_category` VALUES (1,'T-Shirt','Ch T-Shirt',1),(2,'Pants','Ch Pants',1),(3,'Jeans','Ch Jeans',1),(4,'Sandals','Ch Sandals',2),(5,'Boots','Ch Boots',2),(6,'Tops','Ch Tops',3),(7,'T-Shirt','Ch T-shirts',3),(8,'Necklaces','Ch Necklaces',4),(9,'Rings','Ch Rings',4),(11,'Sports Shoes','Ch Sports Shoes',2),(12,'Flats & Sandals','Ch Flats',6),(13,'Heels','Ch Heels',6),(14,'Hoodies','Ch Hoodies',7),(15,'Coats & Jackets','Ch Coats',7),(16,'Gloves','Ch Gloves',8),(17,'Coats & Jackets','Ch Coats',8),(18,'Digital Watches','Ch DigitalWatches',9),(19,'Smart Watches','Ch Smart Watches',9),(20,'Mens End Test','Ch Mens End Test 1',11);
/*!40000 ALTER TABLE `tbl_end_category` ENABLE KEYS */;
UNLOCK TABLES;

--
-- Table structure for table `tbl_faq`
--

DROP TABLE IF EXISTS `tbl_faq`;
/*!40101 SET @saved_cs_client     = @@character_set_client */;
/*!40101 SET character_set_client = utf8 */;
CREATE TABLE `tbl_faq` (
  `faq_id` int(11) NOT NULL AUTO_INCREMENT,
  `faq_title` varchar(255) NOT NULL,
  `faq_content` text NOT NULL,
  PRIMARY KEY (`faq_id`)
) ENGINE=InnoDB AUTO_INCREMENT=5 DEFAULT CHARSET=latin1;
/*!40101 SET character_set_client = @saved_cs_client */;

--
-- Dumping data for table `tbl_faq`
--

LOCK TABLES `tbl_faq` WRITE;
/*!40000 ALTER TABLE `tbl_faq` DISABLE KEYS */;
INSERT INTO `tbl_faq` VALUES (1,'Lorem ipsum dolor sit amet an labores?','<p>Explicari qui, eu nostrum copiosae argumentum has. Latine propriae quo no, unum ridens expetenda id sit, at usu eius eligendi singulis. Sea ocurreret principes ne. At nonumy aperiri pri, nam quodsi copiosae intellegebat et, ex deserunt euripidis usu. Per ad ullum lobortis. Duo volutpat imperdiet ut, postea salutatus imperdiet ut per, ad utinam debitis invenire has.</p>\r\n\r\n<p>Liber utroque vim an, ne his brute vivendo, est fabulas consetetur appellantur an. In dolore legendos quo, ne ferri noluisse sed. Tantas eligendi at ius. Purto ipsum nemore sit ad.</p><div align=\"left\"><br></div>\r\n'),(2,'Vix tale noluisse voluptua ad ne brute?','<p>Altera democritum cum. Omnes ornatus qui et, te aeterno discere ocurreret sea. Tollit cetero cu usu, etiam evertitur id nec. Id pro unum pertinax oportere, vel ad ridens mollis. Ad ius meis suavitate voluptaria.</p>\r\n'),(3,'Mei ut errem legimus periculis, eos liber epicurei?','<p>Necessitatibus eu, facilisi postulant vel no. Ad mea commune disputando, cu vel choro exerci. Pri et oratio iisque atomorum, enim detracto mei ne, id eos soleat iudicabit. Ne reque reformidans mei, rebum delicata consequuntur an sit. Sea ad audire utamur. Ut mei ridens minimum intellegat, perpetua euripidis te qui, ad consul intellegebat comprehensam eum.</p>\r\n\r\n<p>Ex vix alienum sadipscing, quod melius philosophia id has. Ad qui quem reprimique, quo possit detracto reprimique no, sint reque officiis ei per. Ea regione commune volutpat pro, fabulas facilis omnesque mei ne. Cu unum detracto comprehensam sea, ad vim ancillae principes, ex usu fugit consulatu. Vis te purto equidem voluptatum.</p>\r\n'),(4,'Detracto contentiones te est, brute ipsum?','<p>Mea ei regione blandit ullamcorper, definiebas constituam vix ei. At his ludus nonumes gloriatur. Ne vim tamquam nonumes.</p>\r\n\r\n<p>Duo purto pertinax in. Ea noluisse mediocrem qui, nobis melius vis et. Iudico delicatissimi no qui, quando fastidii nam et, ne eum rationibus deseruisse neglegentur. Ei eum populo viderer reprimique, tantas homero abhorreant usu ei, at postulant gloriatur vituperata sit.</p>\r\n');
/*!40000 ALTER TABLE `tbl_faq` ENABLE KEYS */;
UNLOCK TABLES;

--
-- Table structure for table `tbl_language`
--

DROP TABLE IF EXISTS `tbl_language`;
/*!40101 SET @saved_cs_client     = @@character_set_client */;
/*!40101 SET character_set_client = utf8 */;
CREATE TABLE `tbl_language` (
  `lang_id` int(11) NOT NULL,
  `lang_name` varchar(255) NOT NULL,
  `lang_value` text NOT NULL,
  `lang_value_chinese` text NOT NULL,
  PRIMARY KEY (`lang_id`)
) ENGINE=MyISAM AUTO_INCREMENT=171 DEFAULT CHARSET=latin1;
/*!40101 SET character_set_client = @saved_cs_client */;

--
-- Dumping data for table `tbl_language`
--

LOCK TABLES `tbl_language` WRITE;
/*!40000 ALTER TABLE `tbl_language` DISABLE KEYS */;
INSERT INTO `tbl_language` VALUES (1,'Currency','CBPRO','CBPRO'),(2,'Search Product','Search Product','æœç´¢äº§å“'),(3,'Search','Search','æœç´¢'),(4,'Submit','Submit','æäº¤'),(5,'Update','Update','æ›´æ–°'),(6,'Read More','Read More','æ›´å¤š'),(7,'Serial','Serial','åºåˆ—å·'),(8,'Photo','Photo','å›¾ç‰‡'),(9,'Login','Login','ç™»å½•'),(10,'Customer Login','Customer Login','é¡¾å®¢ç™»å½•'),(11,'Click here to login','Click here to login','ç‚¹å‡»ç™»å½•'),(12,'Back to Login Page','Back to Login Page','å›žåˆ°ç™»å½•é¡µ'),(13,'Logged in as','Logged in as','ç™»å½•è´¦å·å'),(14,'Logout','Logout','é€€å‡º'),(15,'Register','Register','æ³¨å†Œ'),(16,'Customer Registration','Customer Registration','å®¢æˆ·æ³¨å†Œ'),(17,'Registration Successful','Registration Successful','æ³¨å†ŒæˆåŠŸ'),(18,'Cart','Cart','è´­ç‰©è½¦'),(19,'View Cart','View Cart','æŸ¥çœ‹è´­ç‰©è½¦'),(20,'Update Cart','Update Cart','æ›´æ–°è´­ç‰©è½¦'),(21,'Back to Cart','Back to Cart','å›žåˆ°è´­ç‰©è½¦'),(22,'Checkout','Checkout','ç»“è´¦'),(23,'Proceed to Checkout','Proceed to Checkout','ç»§ç»­ç»“è´¦'),(24,'Orders','Orders','è®¢å•'),(25,'Order History','Order History','è®¢å•åŽ†å²'),(26,'Order Details','Order Details','è®¢å•ç»†èŠ‚'),(27,'Payment Date and Time','Payment Date and Time','äº¤æ˜“æ—¥æœŸåŠæ—¶é—´'),(28,'Transaction ID','Transaction ID','äº¤æ˜“ ID'),(29,'Paid Amount','Paid Amount','æ”¯ä»˜æ€»æ•°'),(30,'Payment Status','Payment Status','æ”¯ä»˜æƒ…å†µ'),(31,'Payment Method','Payment Method','æ”¯ä»˜æ–¹å¼'),(32,'Payment ID','Payment ID','ä»˜æ¬¾ ID'),(33,'Payment Section','Payment Section','æ”¯ä»˜æ ç›®'),(34,'Select Payment Method','Select Payment Method','é€‰æ‹©æ”¯ä»˜æ–¹å¼'),(35,'Select a Method','Select a Method','é€‰æ‹©æ–¹å¼'),(36,'PayPal','PayPal','PAYPAL '),(37,'Stripe','Stripe','STRIPE'),(38,'Bank Deposit','Bank Deposit','é“¶è¡Œæ”¯ä»˜'),(39,'Card Number','Card Number','ä¿¡ç”¨å¡å·ç '),(40,'CVV','CVV','CVC'),(41,'Month','Month','æœˆä»½'),(42,'Year','Year','å¹´'),(43,'Send to this Details','Send to this Details','å‘é€è¿™ä¸ªç»†èŠ‚'),(44,'Transaction Information','Transaction Information','äº¤æ˜“ä¿¡æ¯'),(45,'Include transaction id and other information correctly','Include transaction id and other information correctly','åŒ…æ‹¬äº¤æ˜“IDåŠå…¶ä»–ä¿¡æ¯'),(46,'Pay Now','Pay Now','é©¬ä¸Šæ”¯ä»˜'),(47,'Product Name','Product Name','äº§å“åå­—'),(48,'Product Details','Product Details','äº§å“ç»†èŠ‚'),(49,'Categories','Categories','åˆ†ç±»'),(50,'Category:','Category:','ç±»åˆ«'),(51,'All Products Under','All Products Under','æ‰€æœ‰äº§å“åœ¨ä¹‹ä¸‹'),(52,'Select Size','Select Size','é€‰æ‹©å°ºç '),(53,'Select Color','Select Color','é€‰æ‹©é¢œè‰²'),(54,'Product Price','Product Price','äº§å“ä»·æ ¼'),(55,'Quantity','Quantity','æ€»æ•°'),(56,'Out of Stock','Out of Stock','ç¼ºè´§'),(57,'Share This','Share This','åˆ†äº«è¿™ä¸ª'),(58,'Share This Product','Share This Product','åˆ†äº«è¿™ä¸ªäº§å“'),(59,'Product Description','Product Description','äº§å“æè¿°'),(60,'Features','Features','åŠŸèƒ½'),(61,'Conditions','Conditions','æƒ…å†µ'),(62,'Return Policy','Return Policy','é€€è´§æ”¿ç­–'),(63,'Reviews','Reviews','è¯„è®º'),(64,'Review','Review','è¯„è®º'),(65,'Give a Review','Give a Review','ç»™äºˆè¯„ä»·'),(66,'Write your comment (Optional)','Write your comment (Optional)','å†™ä½ çš„è¯„è¯­ï¼ˆé€‰æ‹©æ€§ï¼‰'),(67,'Submit Review','Submit Review','æäº¤è¯„è¯­'),(68,'You already have given a rating!','You already have given a rating!','ä½ å·²ç»æäº¤äº†è¯„ä»·'),(69,'You must have to login to give a review','You must have to login to give a review','ä½ éœ€è¦ç™»å½•ç»™äºˆè¯„ä»·'),(70,'No description found','No description found','æ²¡æœ‰ç›¸å…³çš„æè¿°'),(71,'No feature found','No feature found','æ²¡æœ‰ç›¸å…³çš„åŠŸèƒ½'),(72,'No condition found','No condition found','æ²¡æœ‰ç›¸å…³çš„æ¡ä»¶ç¬¦åˆ'),(73,'No return policy found','No return policy found','æ²¡æœ‰æƒ³è¿‡çš„é€€è´§æ”¿ç­–'),(74,'No Review is Found','No Review is Found','æ²¡æœ‰ç›¸å…³çš„è¯„è®º'),(75,'Customer Name','Customer Name','å®¢æˆ¶åå­—'),(76,'Comment','Comment','è¯„è®º'),(77,'Comments','Comments','è¯„è®º'),(78,'Rating','Rating','è¯„åˆ†'),(79,'Previous','Previous','ä¹‹å‰'),(80,'Next','Next','ä¹‹åŽ'),(81,'Sub Total','Sub Total','å°ç»“æ•°é¢'),(82,'Total','Total','æ€»æ•°'),(83,'Action','Action','æ‰§è¡Œ'),(84,'Shipping Cost','Shipping Cost','è¿è´¹'),(85,'Continue Shipping','Continue Shipping','ç»§ç»­è¿è´¹'),(86,'Update Billing Address','Update Billing Address','æ›´æ–°æ”¯ä»˜åœ°å€'),(87,'Update Shipping Address','Update Shipping Address','æ›´æ–°ç‰©æµåœ°å€'),(88,'Update Billing and Shipping Info','Update Billing and Shipping Info','æ›´æ–°æ”¯ä»˜åŠç‰©æµä¿¡æ¯'),(89,'Dashboard','Dashboard','æŽ§åˆ¶å°'),(90,'Welcome to the Dashboard','Welcome to the Dashboard','æ¬¢è¿Žæ¥åˆ°æŽ§åˆ¶å°'),(91,'Back to Dashboard','Back to Dashboard','å›žåˆ°æŽ§åˆ¶å°'),(92,'Subscribe','Subscribe','åŠ å…¥'),(93,'Subscribe To Our Newsletter','Subscribe To Our Newsletter','åŠ å…¥ç”µå­æŠ¥'),(94,'Email Address','Email Address','ç”µé‚®'),(95,'Enter Your Email Address','Enter Your Email Address','è¯·è¾“å…¥ä½ çš„ç”µé‚®'),(96,'Password','Password','å¯†ç '),(97,'Forget Password','Forget Password','å¿˜è®°å¯†ç '),(98,'Retype Password','Retype Password','é‡æ–°è¾“å…¥å¯†ç '),(99,'Update Password','Update Password','æ›´æ–°å¯†ç '),(100,'New Password','New Password','æ–°çš„å¯†ç '),(101,'Retype New Password','Retype New Password','é‡æ–°è¾“å…¥æ–°çš„å¯†ç '),(102,'Full Name','Full Name','å…¨å'),(103,'Company Name','Company Name','å…¬å¸åå­—'),(104,'Phone Number','Phone Number','ç”µè¯å·ç '),(105,'Address','Address','åœ°å€ä¸èƒ½ç•™ç©º'),(106,'Country','Country','å›½å®¶'),(107,'City','City','åŸŽå¸‚'),(108,'State','State','çœ'),(109,'Zip Code','Zip Code','é‚®ç¼–'),(110,'About Us','About Us','å…³äºŽæˆ‘ä»¬'),(111,'Featured Posts','Featured Posts','ç²¾é€‰æ–‡ç« '),(112,'Popular Posts','Popular Posts','çƒ­é—¨å¸–å­'),(113,'Recent Posts','Recent Posts','æœ€æ–°å¸–å­'),(114,'Contact Information','Contact Information','è”ç³»ä¿¡æ¯'),(115,'Contact Form','Contact Form','è”ç³»è¡¨ç»™'),(116,'Our Office','Our Office','æˆ‘ä»¬çš„å…¬å¸'),(117,'Update Profile','Update Profile','æ›´æ–°ç®€ä»‹'),(118,'Send Message','Send Message','å‘é€ä¿¡æ¯'),(119,'Message','Message','ä¿¡æ¯'),(120,'Find Us On Map','Find Us On Map','åœ¨åœ°å›¾ä¸Šæ‰¾åˆ°æˆ‘ä»¬'),(121,'Congratulation! Payment is successful.','Congratulation! Payment is successful.','æ­å–œï¼æ”¯ä»˜æˆåŠŸ'),(122,'Billing and Shipping Information is updated successfully.','Billing and Shipping Information is updated successfully.','æ”¯ä»˜åŠç‰©æµä¿¡æ¯æ›´æ–°æˆåŠŸ'),(123,'Customer Name can not be empty.','Customer Name can not be empty.','é¡¾å®¢åå­—ä¸èƒ½ç•™ç©º'),(124,'Phone Number can not be empty.','Phone Number can not be empty.','ç”µè¯å·ç ä¸èƒ½ç•™ç©º'),(125,'Address can not be empty.','Address can not be empty.','åœ°å€ä¸èƒ½ç•™ç©º'),(126,'You must have to select a country.','You must have to select a country.','ä½ ä¸€å®šè¦é€‰æ‹©ä¸€ä¸ªå›½å®¶'),(127,'City can not be empty.','City can not be empty.','åŸŽå¸‚ä¸èƒ½ç•™ç©º'),(128,'State can not be empty.','State can not be empty.','çœä¸èƒ½ç•™ç©º'),(129,'Zip Code can not be empty.','Zip Code can not be empty.','é‚®ç¼–ä¸èƒ½ç•™ç©º'),(130,'Profile Information is updated successfully.','Profile Information is updated successfully.','ç®€ä»‹ä¸èƒ½ç•™ç©º'),(131,'Email Address can not be empty','Email Address can not be empty','ç”µé‚®ä¸èƒ½ç•™ç©º'),(132,'Email and/or Password can not be empty.','Email and/or Password can not be empty.','ç”µé‚®åŠå¯†ç ä¸èƒ½ç•™ç©º'),(133,'Email Address does not match.','Email Address does not match.','ç”µé‚®ä¸å¯¹'),(134,'Email address must be valid.','Email address must be valid.','ç”µé‚®å¿…é¡»æœ‰æ•ˆ'),(135,'You email address is not found in our system.','You email address is not found in our system.','ä½ çš„ç”µé‚®æ²¡æœ‰åœ¨ç³»ç»Ÿè®°å½•'),(136,'Please check your email and confirm your subscription.','Please check your email and confirm your subscription.','è¯·æ£€æŸ¥ä½ çš„ç”µé‚®åŠç¡®å®šä½ çš„ä¼šå‘˜'),(137,'Your email is verified successfully. You can now login to our website.','Your email is verified successfully. You can now login to our website.','ä½ çš„ç”µé‚®ç¡®å®šæˆåŠŸã€‚ä½ çŽ°åœ¨å¯ä»¥ç™»å½•åˆ°æˆ‘ä»¬å•†åŸŽ'),(138,'Password can not be empty.','Password can not be empty.','å¯†ç ä¸èƒ½ç•™ç©º'),(139,'Passwords do not match.','Passwords do not match.','å¯†ç ä¸å¯¹'),(140,'Please enter new and retype passwords.','Please enter new and retype passwords.','è¯·è¾“å…¥æ–°çš„å¯†ç åŠç¡®å®š'),(141,'Password is updated successfully.','Password is updated successfully.','å¯†ç æ›´æ–°æˆåŠŸ'),(142,'To reset your password, please click on the link below.','To reset your password, please click on the link below.','è¯·ç‚¹å‡»ä»¥ä¸‹çš„è¿žæŽ¥'),(143,'PASSWORD RESET REQUEST - YOUR WEBSITE.COM','PASSWORD RESET REQUEST - YOUR WEBSITE.COM','é‡è®¾å¯†ç è¯·æ±‚'),(144,'The password reset email time (24 hours) has expired. Please again try to reset your password.','The password reset email time (24 hours) has expired. Please again try to reset your password.','é‡è®¾å¯†ç è¯·æ±‚è¶…è¿‡24å°æ—¶ã€‚è¯·åœ¨é‡è¯•è®¾å®šå¯†ç '),(145,'A confirmation link is sent to your email address. You will get the password reset information in there.','A confirmation link is sent to your email address. You will get the password reset information in there.','ç›¸å…³çš„é‡è®¾å¯†ç è«‹æ±‚å·²ç¶“ç™¼é€åˆ°ä½ ç”µé‚®ï¼Œè«‹æŸ¥è¯¢'),(146,'Password is reset successfully. You can now login.','Password is reset successfully. You can now login.','å¯†ç é‡è®¾æˆåŠŸã€‚ä½ ç¾åœ¨å¯ä»¥ç™»å½•'),(147,'Email Address Already Exists','Email Address Already Exists.','ç”µé‚®å·²ç¶“åœ¨ç³»çµ±å…§'),(148,'Sorry! Your account is inactive. Please contact to the administrator.','Sorry! Your account is inactive. Please contact to the administrator.','å°ä¸èµ·ï¼ä½ çš„è´¦æˆ·æ— æ•ˆï¼Œè¯·è”ç³»ç®¡ç†å‘˜'),(149,'Change Password','Change Password','æ›´æ”¹å¯†ç '),(150,'Registration Email Confirmation for YOUR WEBSITE','Registration Email Confirmation for YOUR WEBSITE.','ç”µé‚®æ³¨å†Œç¡®å®š'),(151,'Thank you for your registration! Your account has been created. To active your account click on the link below:','Thank you for your registration! Your account has been created. To active your account click on the link below:','æ„Ÿè°¢ä½ çš„æ³¨å†Œã€‚ä½ çš„è´¦æˆ·å·²ç»å»ºç«‹ã€‚æ¿€æ´»ä½ çš„è´¦æˆ·è¯·ç‚¹å‡»ä¸€ä¸‹è¿žæŽ¥'),(152,'Your registration is completed. Please check your email address to follow the process to confirm your registration.','Your registration is completed. Please check your email address to follow the process to confirm your registration.','ä½ çš„æ³¨å†Œå·²ç»å®Œæˆã€‚è¯·æ£€æŸ¥ä½ çš„ç”µé‚®ï¼Œä¸¦æ ¹æ®æŒ‡ç¤ºç¡®å®šä½ çš„æ³¨å†Œ'),(153,'No Product Found','No Product Found','æ²’æœ‰æ‰¾åˆ°ç›¸å…³äº§å“'),(154,'Add to Cart','Add to Cart','æ·»åŠ åˆ°è´­ç‰©è½¦'),(155,'Related Products','Related Products','ç›¸å…³äº§å“'),(156,'See all related products from below','See all the related products from below','æŸ¥çœ‹æ‰€æœ‰çš„ç›¸å…³äº§å“'),(157,'Size','Size','å°ºç '),(158,'Color','Color','é¢œè‰²'),(159,'Price','Price','ä»·æ ¼'),(160,'Please login as customer to checkout','Please login as customer to checkout','è¯·ç™»å½•é¡¾å®¢è¿›è¡Œç»“è´¦'),(161,'Billing Address','Billing Address','æ”¯ä»˜åœ°å€'),(162,'Shipping Address','Shipping Address','ç‰©æµåœ°å€'),(163,'Rating is Submitted Successfully!','Rating is Submitted Successfully!','è¯„ä»·æˆåŠŸæäº¤'),(164,'Contact Form','Contact Form','è”ç³»è¡¨æ ¼'),(165,'Name','Name',' åç§°'),(166,'Email Address','Email Address','ç”µå­é‚®ä»¶åœ°å€'),(167,'Phone Number','Phone Number',' ç”µè¯å·ç '),(168,'Message','Message',' ä¿¡æ¯'),(169,'Send Message','Send Message','å‘ä¿¡æ¯'),(170,'Our Office','Our Office','æˆ‘ä»¬çš„åŠžå…¬å®¤'),(171,'Find Us ','Find Us On Map','åœ¨åœ°å›¾ä¸Šæ‰¾åˆ°æˆ‘ä»¬'),(172,'Home','Home','å®¶'),(173,'Gallery','Gallery','ç”»å»Š'),(174,'Your MMT Balance is','Your MMT Balance is',' æ‚¨çš„ä»£å¸ä½™é¢ä¸º'),(175,'CBPRO Token','CBPRO Token','CBPRO æƒç›Š'),(176,'Admin Panel','Admin Panel','ç®¡ç†å‘˜ç•Œé¢'),(177,'Log Into','Log into start your session','ç™»å½•å¼€å§‹ç®¡ç†'),(178,'Log In','Log In','ç™»å½•'),(179,'Edit Profile','Edit Profile','æ›´æ”¹ç°¡ä»‹'),(180,'Settings','Settings','è®¾å®š'),(181,'Slider','Slider','Slider'),(182,'Service','Service','æœåŠ¡'),(183,'Testimonial','Testimonial','è§è¯'),(184,'Photo Gallery','Photo Gallery ','å›¾ç‰‡åº“'),(185,'Video Gallery','Video Gallery','è§†é¢‘åº“'),(186,'Shop Section','Shop Section','å•†åº—çž©ç›®'),(187,'Size','Size','å°ºç '),(188,'Color','Color','é¢œè‰²'),(189,'Country','Country','å›½å®¶'),(190,'Shipping Cost','Shipping Cost','ç‰©æµæˆæœ¬'),(191,'Top Level Category','Top Level Category','ä¸»åˆ†ç±»'),(192,'Mid Level Category','Mid Level Category','äºŒçº§åˆ†ç±»'),(193,'End Level Category','End Level Category','ä¸‰çº§åˆ†ç±»'),(194,'Product','Product','äº§å“'),(195,'Order','Order','è®¢å•'),(196,'Rating','Rating','è¯„ä»·'),(197,'Language Settings','Language Settings','è¯­è¨€è®¾å®š'),(198,'Message','Message','ä¿¡æ¯'),(199,'Customer Message','Customer Message','é¡¾å®¢ä¿¡æ¯'),(200,'Customer','Customer','é¡¾å®¢'),(201,'Page','Page','é¡µé¢'),(202,'Social Media','Social Media','ç¤¾äº¤åª’ä½“'),(203,'Advertisement','Advertisement','å¹¿å‘Š'),(204,'Subscriber','Subscriber','ä¼šå‘˜'),(205,'Gallery','Gallery','å›¾åº“'),(206,'Top Categories','Top Categories','ä¸»è¦åˆ†ç±»'),(207,'Mid Categories','Mid Categories','äºŒçº§åˆ†ç±»'),(208,'End Categories','End Categories','ä¸‰çº§åˆ†ç±»'),(209,'Products','Products','äº§å“'),(210,'Completed Orders','Completed Orders','å®Œæˆè®¢å•'),(211,'Completed Shipping','Completed Shipping','å®Œæˆç‰©æµ'),(212,'Pending Orders','Pending Orders','å¾…ç¡®å®šè®¢å•'),(213,'Pending Shipping (Order Completed)','Pending Shipping (Order Completed)','å¾…ç¡®å®šç‰©æµï¼ˆè®¢å•å®Œæˆï¼‰'),(214,'Logo','Logo','Logo'),(215,'Favicon','Favicon','Favicon'),(216,'Footer & Contact','Footer & Contact','Footer & Contact'),(217,'Email','Email','ç”µé‚®'),(218,'Post','Post','æ–‡ç« '),(219,'Home Page','Home Page','ä¸»é¡µ'),(220,'Banner','Banner','æ¨ªå¹…'),(221,'Head and Body Scripts','Head and Body Scripts','Head and Body Scripts'),(222,'Ads','Ads','å¹¿å‘Š'),(223,'Theme Color','Theme Color','ä¸»é¢˜é¢œè‰²'),(224,'Existing Photo','Existing Photo','çŽ°æœ‰çš„å›¾ç‰‡'),(225,'New Photo','New Photo','æ–°çš„å›¾ç‰‡'),(226,'Update Logo','Update Logo','æ›´æ–°LOGO'),(227,'Update Favicon','Update Favicon','Ch Update Favicon'),(228,'Newsletter Section','Newsletter Section','ç”µå­æŠ¥æ ç›®'),(229,'On','On','Ch On'),(230,'Off','Off','Ch Off'),(231,'Footer - About Us','Footer - About Us',' Ch Footer - å…³äºŽæˆ‘ä»¬'),(232,'Footer - Copyright','Footer - Copyright','Ch Footer - Copyright'),(233,'Contact Address','Contact Address','è”ç³»åœ°å€'),(234,'Contact Email','Contact Email','è”ç³»ç”µé‚®'),(235,'Contact Phone Number','Contact Phone Number','è”ç³»ç”µè¯å·ç '),(236,'Contact Fax Number ','Contact Fax Number ','è”ç³»ä¼ çœŸå·ç '),(237,'Contact Map iFrame ','Contact Map iFrame ','Contact Map iFrame '),(238,'Update','Update','æ›´æ–°'),(239,'Contact Email Address','Contact Email Address','è”ç³»ç”µé‚®'),(240,'Contact Email Subject','Contact Email Subject','è”ç³»ç”µé‚®ä¸»é¢˜'),(241,'Contact Email Thank you message','Contact Email Thank you message','è”ç³»ç”µé‚®æ„Ÿè°¢ä¿¡æ¯'),(242,'Forget password Message','Forget password Message','å¿˜è®°å¯†ç ä¿¡æ¯'),(243,'Footer (How many recent posts?)','Footer (How many recent posts?)','Ch Footer (æœ€è¿‘çš„å¸–å­?)'),(244,'Footer (How many popular posts?)','Footer (How many popular posts?)','Ch Footer (å¤šå°‘çš„çƒ­å¸–?)'),(245,'Sidebar (How many recent posts?)','Sidebar (How many recent posts?)','Ch Sidebar (æœ€è¿‘å¤šå°‘çš„å¸–å­?)'),(246,'Sidebar (How many popular posts?)','Sidebar (How many popular posts?)','Ch Sidebar (å¤šå°‘çƒ­å¸–?)'),(247,'Home Page (How many featured product?)','Home Page (How many featured product?)','ä¸»é¡µ (å¤šå°‘çš„ç²¾é€‰äº§å“?)'),(248,'Home Page (How many latest product?)','Home Page (How many latest product?)','ä¸»é¡µ (å¤šå°‘çš„æœ€æ–°äº§å“?)'),(249,'Home Page (How many popular product?)','Home Page (How many popular product?)','ä¸»é¡µ  (å¤šå°‘çƒ­å¸–?)'),(250,'Sections On and Off','Sections On and Off','Ch Sections On and Off'),(251,'Service Section ','Service Section ','æœåŠ¡æ ç›®'),(252,'Welcome Section','Welcome Section','æ¬¢è¿Žæ ç›®'),(253,'Featured Product Section','Featured Product Section','ç²¾é€‰äº§å“æ ç›® '),(254,'Latest Product Section','Latest Product Section','æœ€æ–°äº§å“æ ç›® '),(255,'Popular Product Section','Popular Product Section','çƒ­é”€äº§å“æ ç›®'),(256,'Testimonial Section','Testimonial Section','è§è¯æ ç›® '),(257,'Blog Section','Blog Section','åšå®¢æ ç›®'),(258,'Meta Section','Meta Section','Ch Meta Section'),(259,'Meta Title','Meta Title','Ch Meta æ ‡é¢˜'),(260,'Meta Keyword','Meta Keyword','Ch Meta å…³é”®å­—'),(261,'Meta Description','Meta Description','Ch Meta æè¿°'),(262,'Call to Action Section','Call to Action Section','Ch Meta æè¿°'),(263,'Title','Title','æ ‡é¢˜'),(264,'Content','Content','å†…å®¹'),(265,'Read More Text','Read More Text','è¯»æ›´å¤š'),(266,'Read More URL','Read More URL','è¯»æ›´å¤šURL'),(267,'Existing Call to Action Background','Existing Call to Action Background','Ch Existing Call to Action Background'),(268,'New Background','New Background','æ–°çš„èƒŒæ™¯'),(269,'Featured Product Section','Featured Product Section','ç²¾é€‰äº§å“æ ç›® '),(270,'Featured Product Title','Featured Product Title','ç²¾é€šäº§å“æ ‡é¢˜ '),(271,'Featured Product SubTitle','Featured Product SubTitle','ç²¾é€‰äº§å“å‰¯æ ‡é¢˜ '),(272,'Latest Product Section','Latest Product Section','æœ€æ–°äº§å“æ ç›® '),(273,'Latest Product Title','Latest Product Title','æœ€æ–°äº§å“æ ‡é¢˜ '),(274,'Latest Product SubTitle','Latest Product SubTitle','æœ€æ–°äº§å“å‰¯æ ‡é¢˜'),(275,'Popular Product Title','Popular Product Title','çƒ­é”€äº§å“æ ‡é¢˜'),(276,'Popular Product SubTitle','Popular Product SubTitle','çƒ­é”€äº§å“å‰¯æ ‡é¢˜'),(277,'Testimonial Section','Testimonial Section','è§è¯æ ç›® '),(278,'Testimonial Section Title','Testimonial Section Title','è§è¯æ ç›®æ ‡é¢˜ '),(279,'Testimonial Section SubTitle','Testimonial Section SubTitle','è§è¯æ ç›®å‰¯æ ‡é¢˜ '),(280,'Existing Testimonial Background','Existing Testimonial Background','çŽ°æœ‰çš„è§è¯èƒŒæ™¯'),(281,'New Background','New Background','æ–°çš„èƒŒæ™¯'),(282,'Existing Login Page Banner','Existing Login Page Banner','ç›®å‰ç™»å½•é¡µçš„æ¨ªå¹… '),(283,'Change Login Page Banner','Change Login Page Banner','æ”¹å˜ç™»å½•é¡µçš„æ¨ªå¹… '),(284,'Existing Registration Page Banner','Existing Registration Page Banner','çŽ°æœ‰çš„æ³¨å†Œé¡µæ¨ªå¹… '),(285,'Change Registration Page Banner','Change Registration Page Banner','æ”¹å˜æ³¨å†Œé¡µçš„æ¨ªå¹… '),(286,'Select Photo','Select Photo','é€‰æ‹©å›¾ç‰‡ '),(287,'Existing Forget Password Page Banner','Existing Forget Password Page Banner','çŽ°æœ‰å¿˜è®°å¯†ç é¡µçš„æ¨ªå¹… '),(288,'Change Forget Password Page Banner','Change Forget Password Page Banner','æ”¹å˜å¿˜è®°å¯†ç é¡µçš„æ¨ªå¹… '),(289,'Existing Reset Password Page Banner','Existing Reset Password Page Banner','çŽ°æœ‰é‡è®¾å¯†ç çš„æ¨ªå¹…'),(290,'Change Reset Password Page Banner','Change Reset Password Page Banner','è¯¥ç¬”é‡è®¾å¯†ç é¡µçš„æ¨ªå¹… '),(291,'Existing Search Page Banner','Existing Search Page Banner','çŽ°æœ‰æœç´¢é¡µæ¨ªå¹… '),(292,'Change Search Page Banner','Change Search Page Banner','æ”¹å˜æœç´¢é¡µæ¨ªå¹… '),(293,'Existing Cart Page Banner','Existing Cart Page Banner','çŽ°æœ‰è´­ç‰©è½¦æ¨ªå¹… '),(294,'Change Cart Page Banner','Change Cart Page Banner','æ”¹å˜è´­ç‰©è½¦çš„æ¨ªå¹… '),(295,'Existing Checkout Page Banner','Existing Checkout Page Banner','çŽ°æœ‰ç»“è´¦é¡µæ¨ªå¹… '),(296,'Change Checkout Page Banner','Change Checkout Page Banner','æ”¹å˜ç»“è´¦é¡µæ¨ªå¹… '),(297,'Existing Product Category Page Banner','Existing Product Category Page Banner','çŽ°æœ‰äº§å“åˆ†ç±»é¡µæ¨ªå¹… '),(298,'Change Product Category Page Banner','Change Product Category Page Banner','æ”¹å˜äº§å“åˆ†ç±»é¡µæ¨ªå¹… '),(299,'Popular Product Section','Popular Product Section','çƒ­é”€äº§å“æ ç›®'),(300,'Advertisements On and Off','Advertisements On and Off','å¹¿å‘Š ON OFF '),(301,'Above Welcome','Above Welcome','Ch Above æ¬¢è¿Ž'),(302,'Above Featured Product','Above Featured Product','Above çƒ­é”€äº§å“'),(303,'Above Latest Product','Above Latest Product','Ch Above æœ€æ–°äº§å“'),(304,'Above Popular Product','Above Popular Product','Ch Above çƒ­é”€äº§å“'),(305,'Above Testimonial','Above Testimonial','Ch Above è§è¯'),(306,'Category Page Sidebar','Category Page Sidebar','Category Page Sidebar'),(307,'Theme Color','Theme Color','ä¸»é¡Œé¡è‰²'),(308,'View Sliders','View Sliders','View Sliders'),(309,'SL','SL','SL'),(310,'Photo','Photo','å›¾ç‰‡'),(311,'Heading','Heading','Ch Heading'),(312,'Head-ch','Head-ch','Ch Head-ch'),(313,'Content','Content','å…§å®¹'),(314,'Content-ch','Content-ch','Ch Content-ch'),(315,'Button Text','Button Text','Ch Button Text'),(316,'Button Text-ch','Button Text-ch','Ch Button Text-ch'),(317,'Button URL','Button URL','Ch Button URL'),(318,'Position','Position','Ch Position'),(319,'Action','Action','Ch Action'),(320,'Edit','Edit','ç¼–è¾‘'),(321,'View Services','View Services',' æŸ¥çœ‹æœåŠ¡'),(322,'Title','Title','æ ‡é¢˜'),(323,'Title Chinese','Title Chinese','ä¸­æ–‡æ ‡é¢˜'),(324,'View Testimonials','View Testimonials','æŸ¥çœ‹è§è¯'),(325,'Name','Name','åå­—'),(326,'Designation','Designation','èŒä½'),(327,'Company','Company','ä¼ä¸š'),(328,'Comment','Comment','è¯„è®º'),(329,'Chinese Comment','Chinese Comment','ä¸­æ–‡è¯„è®º'),(330,'View Photos','View Photos','æŸ¥çœ‹å›¾ç‰‡'),(331,'Add New','Add New','åŠ å…¥æ–°çš„'),(332,'Caption','Caption','æ ‡é¢˜'),(333,'Delete','Delete','åˆªé™¤'),(334,'Add Photo','Add Photo','åŠ å…¥å›¾ç‰‡'),(335,'Photo Caption','Photo Caption','å›¾ç‰‡æè¿°'),(336,'Upload Photo','Upload Photo','ä¸Šä¼ å›¾ç‰‡'),(337,'View All','View All','æŸ¥çœ‹å…¨éƒ¨'),(338,'Submit','Submit','æäº¤'),(339,'Edit Photo','Edit Photo','ç¼–è¾‘å›¾ç‰‡'),(340,'View Videos','View Videos','æŸ¥çœ‹è§†é¢‘'),(341,'Add Video','Add Video','åŠ å…¥è§†é¢‘'),(342,'Video Title','Video Title','è§†é¢‘æ ‡é¢˜'),(343,'Edit Video','Edit Video','ç¼–è¾‘è§†é¢‘'),(344,'View Sizes','View Sizes','æŸ¥çœ‹å°ºç¢¼'),(345,'Size Name','Size Name',' å°ºç åå­—'),(346,'Add Size','Add Size',' åŠ å°ºç '),(347,'Edit Size','Edit Size',' ç¼–è¾‘å°ºç '),(348,'View Colors','View Colors','æŸ¥çœ‹é¡è‰²'),(349,'Color Name','Color Name','é¡è‰²åå­—'),(350,'Color Name Chinese','Color Name Chinese','ä¸­æ–‡é¡è‰²åå­—'),(351,'Add Color','Add Color','åŠ å…¥é¡è‰²'),(352,'Edit Color','Edit Color','ç¼–è¾‘é¢œè‰²'),(353,'View Countries','View Countries','æŸ¥çœ‹å›½å®¶'),(354,'Country Name','Country Name','å›½å®¶åå­—'),(355,'Add Country','Add Country','å¢žåŠ åœ‹å®¶'),(356,'Edit Country','Edit Country','ç¼–è¾‘å›½å®¶'),(357,'Add Shipping Cost','Add Shipping Cost','åŠ å…¥è¿è´¹æˆæœ¬'),(358,'Select Country','Select Country','é€‰æ‹©è‚¡ä»·'),(359,'Amount','Amount','æ•°é¢'),(360,'Add','Add','å¢žåŠ '),(361,'View Shipping Costs','View Shipping Costs','æŸ¥çœ‹ç‰©æµæˆæœ¬'),(362,'Shipping Cost (Rest of the world)','Shipping Cost (Rest of the world)','ç‰©æµæˆæœ¬ï¼ˆå…¶ä»–åœ°æ–¹ï¼‰ '),(363,'Edit Shipping Cost','Edit Shipping Cost','ç¼–è¾‘ç‰©æµæˆæœ¬'),(364,'View Top Level Categories','View Top Level Categories','æŸ¥çœ‹ä¸»åˆ†ç±»'),(365,'Top Category Name','Top Category Name','ä¸»åˆ†ç±»åå­—'),(366,'Top Category Name Chinese','Top Category Name Chinese','ä¸»åˆ†ç±»åå­—-ä¸­æ–‡'),(367,'Show on Menu?','Show on Menu?','Ch Show on Menu?'),(368,'Add Top Level Category','Add Top Level Category','åŠ å…¥ä¸»åˆ†ç±»'),(369,'Edit Top Level Category','Edit Top Level Category','ç¼–è¾‘ä¸»åˆ†ç±»'),(370,'Yes','Yes','Ch Yes'),(371,'No','No','Ch No'),(372,'View Mid Level Categories','View Mid Level Categories','æŸ¥çœ‹äºŒç´šåˆ†ç±»'),(373,'Mid Level Category Name','Mid Level Category Name','äºŒç´šåˆ†ç±»åå­—'),(374,'Mid Level Category Name Chinese','Mid Level Category Name Chinese','äºŒç´šåˆ†ç±»åå­—ä¸­æ–‡'),(375,'Add Mid Level Category','Add Mid Level Category','åŠ å…¥äºŒç´šåˆ†ç±»'),(376,'Select Top Level Category','Select Top Level Category','é€‰æ‹©ä¸»åˆ†ç±»'),(377,'Edit Mid Level Category','Edit Mid Level Category','ç¼–è¾‘äºŒç´šåˆ†ç±»'),(378,'View End Level Categories','View End Level Categories','Ch View End Level Categories'),(379,'End Level Category Name','End Level Category Name','Ch End Level Category Name'),(380,'End Level Category Name Chinese','End Level Category Name Chinese','Ch End Level Category Name Chinese'),(381,'Add End Level Category','Add End Level Category','Ch Add End Level Category'),(382,'Select Mid Level Category','Select Mid Level Category','Ch Select Mid Level Category'),(383,'Edit End Level Category','Edit End Level Category','Ch Edit End Level Category'),(384,'Add Product','Add Product','æ·»åŠ äº§å“'),(385,'View Products','View Products','æŸ¥çœ‹ç”¢å“'),(386,'Product Name Chinese','Product Name Chinese','ç”¢å“åå­—ä¸­æ–‡'),(387,'Old Price','Old Price','æ—§ä»·æ ¼'),(388,'Current Price','Current Price','ç›®å‰ä»·æ ¼'),(389,'Quantity','Quantity','æ•°é‡'),(390,'Is Featured?','Is Featured?','æ˜¯ç²¾é€‰ï¼Ÿ'),(391,'Is Active?','Is Active?','å·²ç»æ¿€æ´»ï¼Ÿ'),(392,'Category','Category','åˆ†ç±»'),(393,'Add Product','Add Product','å¢žåŠ äº§å“'),(394,'Select End Level Category','Select End Level Category','Ch Select End Level Category'),(395,'Featured Photo','Featured Photo','ç²¾é€‰å›¾ç‰‡'),(396,'Other Photos','Other Photos','å…¶ä»–å›¾ç‰‡'),(397,'Description','Description','æè¿°'),(398,'Short Description','Short Description','çŸ­çš„æè¿°'),(399,'Features','Features','ç²¾é€‰å›¾ç‰‡'),(400,'Conditions','Conditions','æ¡ä»¶'),(401,'Return Policy','Return Policy','é€€è´§æ”¿ç­–'),(402,'Edit Product','Edit Product','ç¼–è¾‘äº§å“'),(403,'Existing Featured Photo','Existing Featured Photo','ç¾æœ‰çš„ç²¾é€‰å›¾ç‰‡'),(404,'Change Featured Photo','Change Featured Photo','æ”¹å˜ç²¾é€‰å›¾ç‰‡ '),(405,'View Orders','View Orders','ç¼–è¾‘è®¢å• '),(406,'Customer Details','Customer Details','é¡¾å®¢ç»†èŠ‚'),(407,'Payment Information','Payment Information','æ”¯ä»˜ä¿¡æ¯'),(408,'Shipping Status','Shipping Status','ç‰©æµæƒ…æ³'),(409,'Id:','Id:','Ch Id:'),(410,'Subject','Subject','æ ‡é¢˜'),(411,'Date','Date','æ—¥æœŸ'),(412,'View Customers','View Customers','æŸ¥çœ‹å®¢æˆ·'),(413,'Country, City, State','Country, City, State',' å›½å®¶ï¼ŒåŸŽå¸‚ï¼Œå·ž'),(414,'Status','Status',' çŠ¶æ€'),(415,'Change Status','Change Status','å˜æ›´çŠ¶æ€'),(416,'Page Settings','Page Settings','é¡µé¢è®¾ç½®'),(417,'Contact','Contact',' è”ç³»'),(418,'Page Title','Page Title','é¡µé¢æ ‡é¢˜'),(419,'Page Content','Page Content',' é¡µé¢å†…å®¹'),(420,'Existing Banner Photo','Existing Banner Photo',' çŽ°æœ‰æ¨ªå¹…ç…§ç‰‡'),(421,'New Banner Photo','New Banner Photo',' æ–°æ¨ªå¹…ç…§ç‰‡'),(422,'Meta Title','Meta Title','å…ƒæ ‡é¢˜'),(423,'Meta Keyword','Meta Keyword',' å…ƒå…³é”®å­—'),(424,'Meta Description','Meta Description',' å…ƒæè¿°'),(425,'Social Media','Social Media',' ç¤¾äº¤åª’ä½“'),(426,'If you do not want to show a social media in your front end page, just leave the input field blank.','If you do not want to show a social media in your front end page, just leave the input field blank.',' å¦‚æžœæ‚¨ä¸æƒ³åœ¨é¦–é¡µä¸Šæ˜¾ç¤ºç¤¾äº¤åª’ä½“ï¼Œåªéœ€å°†è¾“å…¥å­—æ®µç•™ç©ºã€‚'),(427,'Above Welcome Section','Above Welcome Section',' ä»¥ä¸Šæ¬¢è¿Žéƒ¨åˆ†'),(428,'Above Featured Product','Above Featured Product',' ä»¥ä¸Šç‰¹è‰²äº§å“'),(429,'Above Latest Product','Above Latest Product',' ä»¥ä¸Šæœ€æ–°äº§å“'),(430,'Above Popular Product','Above Popular Product',' ä»¥ä¸Šçƒ­é—¨äº§å“'),(431,'Above Testimonial Section','Above Testimonial Section',' æŽ¨èéƒ¨åˆ†ä¸Šæ–¹'),(432,'Category Page Sidebar','Category Page Sidebar',' ç±»åˆ«é¡µé¢ä¾§æ '),(433,'Type','Type',' ç±»åž‹'),(434,'URL','URL',' ç½‘å€'),(435,'Image Advertisement','Image Advertisement',' å›¾ç‰‡å¹¿å‘Š'),(436,'(Recommended Width: 1170 pixels and Height: any size)','(Recommended Width: 1170 pixels and Height: any size)',' ï¼ˆå»ºè®®å®½åº¦ï¼š1170åƒç´ ï¼Œé«˜åº¦ï¼šä»»æ„å¤§å°ï¼‰'),(437,'Edit Slider','Edit Slider',' ç¼–è¾‘æ»‘å—');
/*!40000 ALTER TABLE `tbl_language` ENABLE KEYS */;
UNLOCK TABLES;

--
-- Table structure for table `tbl_mid_category`
--

DROP TABLE IF EXISTS `tbl_mid_category`;
/*!40101 SET @saved_cs_client     = @@character_set_client */;
/*!40101 SET character_set_client = utf8 */;
CREATE TABLE `tbl_mid_category` (
  `mcat_id` int(11) NOT NULL AUTO_INCREMENT,
  `mcat_name` varchar(255) NOT NULL,
  `mcat_name_chinese` varchar(255) NOT NULL,
  `tcat_id` int(11) NOT NULL,
  PRIMARY KEY (`mcat_id`)
) ENGINE=InnoDB AUTO_INCREMENT=12 DEFAULT CHARSET=latin1;
/*!40101 SET character_set_client = @saved_cs_client */;

--
-- Dumping data for table `tbl_mid_category`
--

LOCK TABLES `tbl_mid_category` WRITE;
/*!40000 ALTER TABLE `tbl_mid_category` DISABLE KEYS */;
INSERT INTO `tbl_mid_category` VALUES (1,'Western Clothing','Ch Western Clothing',1),(2,'Men\'s Shoes','Ch Men\'s Shoes',1),(3,'Western Clothing','Ch Western Clothing',2),(4,'Women\'s Jewellery','Ch Women\'s Jwellery',2),(6,'Women Shoes','Ch Womens Shoes',2),(7,'Winter Clothing','Ch Winter Clothing',2),(8,'Winter Clothing','Ch Winter Clothing',1),(9,'Men\'s Watches','Ch Men\'s Watches',1),(11,'Mens Test','Ch Mens Tests',1);
/*!40000 ALTER TABLE `tbl_mid_category` ENABLE KEYS */;
UNLOCK TABLES;

--
-- Table structure for table `tbl_order`
--

DROP TABLE IF EXISTS `tbl_order`;
/*!40101 SET @saved_cs_client     = @@character_set_client */;
/*!40101 SET character_set_client = utf8 */;
CREATE TABLE `tbl_order` (
  `id` int(11) NOT NULL AUTO_INCREMENT,
  `product_id` int(11) NOT NULL,
  `product_name` varchar(255) NOT NULL,
  `size` varchar(100) NOT NULL,
  `color` varchar(100) NOT NULL,
  `quantity` varchar(50) NOT NULL,
  `unit_price` varchar(50) NOT NULL,
  `payment_id` varchar(255) NOT NULL,
  PRIMARY KEY (`id`)
) ENGINE=InnoDB AUTO_INCREMENT=70 DEFAULT CHARSET=latin1;
/*!40101 SET character_set_client = @saved_cs_client */;

--
-- Dumping data for table `tbl_order`
--

LOCK TABLES `tbl_order` WRITE;
/*!40000 ALTER TABLE `tbl_order` DISABLE KEYS */;
INSERT INTO `tbl_order` VALUES (7,1,'Star Wars Darth Vader','S','Red','2','20','1516677123'),(8,6,'Pant 1','XS','White','1','12','1516677123'),(9,1,'Star Wars Darth Vader','S','Red','2','20','1516681935'),(19,1,'Star Wars Darth Vader','S','Red','3','20','1516809013'),(20,4,'Charismatic Red Cotton T-shirt for Men','','Yellow','2','10','1516809013'),(21,1,'Star Wars Darth Vader','S','Red','1','20','1516875533'),(22,1,'Star Wars Darth Vader','S','White','1','20','1516876603'),(23,1,'Star Wars Darth Vader','S','Red','3','20','1516884901'),(28,1,'Star Wars Darth Vader','S','Yellow','3','20','1516894476'),(29,1,'Star Wars Darth Vader','S','Red','1','20','1516894578'),(30,1,'Star Wars Darth Vader','S','Red','1','20','1516894670'),(31,6,'Pant 1','XS','White','1','12','1516894767'),(35,6,'Pant 1','XS','White','2','12','1516976438'),(36,6,'Pant 1','XS','White','2','12','1516981968'),(39,1,'Star Wars Darth Vader','S','Red','1','20','1517190651'),(40,13,'Tan Denim Chino Pant For Men','36','Tan','2','20','1517190739'),(41,1,'Star Wars Darth Vader','S','Red','2','20','1517217163'),(42,30,'Le Reve Pink Cotton Top for Women','XS','Pink','1','31','1517768374'),(43,1,'Star Wars Darth Vader','S','Red','1','20','1517832576'),(45,6,'Pant 1','XS','White','1','12','1517921777'),(46,15,'Cotton Double Stripe Jogger','32','Black','1','32','1517921777'),(47,32,'Light Purple Georgette Casual Unstitched Tops','Free Size','Light Purple','3','42','1518494369'),(48,31,'China Georgette Casual Long Sleeves Tops','46','Mixed','3','40','1518514454'),(49,6,'Pant 1','XS','White','1','12','1589108992'),(50,6,'Pant 1','XS','White','1','12','1589111313'),(51,6,'Pant 1','XS','White','1','12','1589111559'),(52,7,'Apara Orange Cotton T-Shirt For Men','S','Orange','1','20','1589111853'),(53,7,'Apara Orange Cotton T-Shirt For Men','S','Orange','1','20','1589112074'),(54,7,'Apara Orange Cotton T-Shirt For Men','S','Orange','1','20','1589112276'),(55,1,'Star Wars Darth Vader','S','Red','1','20','1589121074'),(56,7,'Apara Orange Cotton T-Shirt For Men','S','Orange','1','20','1589121279'),(57,7,'Apara Orange Cotton T-Shirt For Men','S','Orange','1','20','1589121894'),(58,7,'Apara Orange Cotton T-Shirt For Men','S','Orange','1','20','1589121972'),(59,8,'Navy Blue Cotton Round Neck T-Shirt','M','Blue','1','34','1589122083'),(60,7,'Apara Orange Cotton T-Shirt For Men','S','Orange','1','20','1589123240'),(61,7,'Apara Orange Cotton T-Shirt For Men','S','Orange','1','20','1589124477'),(62,7,'Apara Orange Cotton T-Shirt For Men','S','Orange','1','20','1589124754'),(63,7,'Apara Orange Cotton T-Shirt For Men','S','Orange','1','20','1589125609'),(64,7,'Apara Orange Cotton T-Shirt For Men','S','Orange','1','20','1589126134'),(65,7,'Apara Orange Cotton T-Shirt For Men','S','Orange','1','20','1589349309'),(66,4,'Charismatic Red Cotton T-shirt for Men','','Red','1','10','1589650690'),(67,1,'Star Wars Darth Vader','XL','Yellow','1','20','1589650690'),(68,7,'Apara Orange Cotton T-Shirt For Men','S','Orange','1','20','1590731529'),(69,7,'Apara Orange Cotton T-Shirt For Men','S','Orange','1','20','1590731747');
/*!40000 ALTER TABLE `tbl_order` ENABLE KEYS */;
UNLOCK TABLES;

--
-- Table structure for table `tbl_page`
--

DROP TABLE IF EXISTS `tbl_page`;
/*!40101 SET @saved_cs_client     = @@character_set_client */;
/*!40101 SET character_set_client = utf8 */;
CREATE TABLE `tbl_page` (
  `id` int(11) NOT NULL AUTO_INCREMENT,
  `about_title` varchar(255) NOT NULL,
  `about_title_chinese` varchar(255) NOT NULL,
  `about_content` text NOT NULL,
  `about_content_chinese` text NOT NULL,
  `about_banner` varchar(255) NOT NULL,
  `about_meta_title` varchar(255) NOT NULL,
  `about_meta_keyword` text NOT NULL,
  `about_meta_description` text NOT NULL,
  `faq_title` varchar(255) NOT NULL,
  `faq_banner` varchar(255) NOT NULL,
  `faq_meta_title` varchar(255) NOT NULL,
  `faq_meta_keyword` text NOT NULL,
  `faq_meta_description` text NOT NULL,
  `blog_title` varchar(255) NOT NULL,
  `blog_banner` varchar(255) NOT NULL,
  `blog_meta_title` varchar(255) NOT NULL,
  `blog_meta_keyword` text NOT NULL,
  `blog_meta_description` text NOT NULL,
  `contact_title` varchar(255) NOT NULL,
  `contact_title_chinese` varchar(255) NOT NULL,
  `contact_banner` varchar(255) NOT NULL,
  `contact_meta_title` varchar(255) NOT NULL,
  `contact_meta_keyword` text NOT NULL,
  `contact_meta_description` text NOT NULL,
  `pgallery_title` varchar(255) NOT NULL,
  `pgallery_title_chinese` varchar(255) NOT NULL,
  `pgallery_banner` varchar(255) NOT NULL,
  `pgallery_meta_title` varchar(255) NOT NULL,
  `pgallery_meta_keyword` text NOT NULL,
  `pgallery_meta_description` text NOT NULL,
  `vgallery_title` varchar(255) NOT NULL,
  `vgallery_title_chinese` varchar(255) NOT NULL,
  `vgallery_banner` varchar(255) NOT NULL,
  `vgallery_meta_title` varchar(255) NOT NULL,
  `vgallery_meta_keyword` text NOT NULL,
  `vgallery_meta_description` text NOT NULL,
  `language_option_one` varchar(45) NOT NULL,
  `language_option_two` varchar(45) NOT NULL,
  `faq_title_chinese` varchar(45) NOT NULL,
  PRIMARY KEY (`id`)
) ENGINE=InnoDB AUTO_INCREMENT=2 DEFAULT CHARSET=latin1;
/*!40101 SET character_set_client = @saved_cs_client */;

--
-- Dumping data for table `tbl_page`
--

LOCK TABLES `tbl_page` WRITE;
/*!40000 ALTER TABLE `tbl_page` DISABLE KEYS */;
INSERT INTO `tbl_page` VALUES (1,'About Us',' é—œæ–¼æˆ‘å€‘','<p>Lorem ipsum dolor sit amet, an labores explicari qui, eu nostrum copiosae argumentum has. Latine propriae quo no, unum ridens expetenda id sit, at usu eius eligendi singulis. Sea ocurreret principes ne. At nonumy aperiri pri, nam quodsi copiosae intellegebat et, ex deserunt euripidis usu. Per ad ullum lobortis. Duo volutpat imperdiet ut, postea salutatus imperdiet ut per, ad utinam debitis invenire has.</p>\r\n\r\n<p>Liber utroque vim an, ne his brute vivendo, est fabulas consetetur appellantur an. In dolore legendos quo, ne ferri noluisse sed. Tantas eligendi at ius. Purto ipsum nemore sit ad.</p>\r\n\r\n<p>Vix tale noluisse voluptua ad, ne brute altera democritum cum. Omnes ornatus qui et, te aeterno discere ocurreret sea. Tollit cetero cu usu, etiam evertitur id nec. Id pro unum pertinax oportere, vel ad ridens mollis. Ad ius meis suavitate voluptaria.</p>\r\n\r\n<p>Mei ut errem legimus periculis, eos liber epicurei necessitatibus eu, facilisi postulant vel no. Ad mea commune disputando, cu vel choro exerci. Pri et oratio iisque atomorum, enim detracto mei ne, id eos soleat iudicabit. Ne reque reformidans mei, rebum delicata consequuntur an sit. Sea ad audire utamur. Ut mei ridens minimum intellegat, perpetua euripidis te qui, ad consul intellegebat comprehensam eum.</p>\r\n\r\n<p>Ex vix alienum sadipscing, quod melius philosophia id has. Ad qui quem reprimique, quo possit detracto reprimique no, sint reque officiis ei per. Ea regione commune volutpat pro, fabulas facilis omnesque mei ne. Cu unum detracto comprehensam sea, ad vim ancillae principes, ex usu fugit consulatu. Vis te purto equidem voluptatum.</p>\r\n\r\n<p>Detracto contentiones te est, brute ipsum consul an vis. Mea ei regione blandit ullamcorper, definiebas constituam vix ei. At his ludus nonumes gloriatur. Ne vim tamquam nonumes.</p>\r\n\r\n<p>Duo purto pertinax in. Ea noluisse mediocrem qui, nobis melius vis et. Iudico delicatissimi no qui, quando fastidii nam et, ne eum rationibus deseruisse neglegentur. Ei eum populo viderer reprimique, tantas homero abhorreant usu ei, at postulant gloriatur vituperata sit.</p>\r\n','<p>Chinese Lorem ipsum dolor sit amet, an labores explicari qui, eu nostrum copiosae argumentum has. Latine propriae quo no, unum ridens expetenda id sit, at usu eius eligendi singulis. Sea ocurreret principes ne. At nonumy aperiri pri, nam quodsi copiosae intellegebat et, ex deserunt euripidis usu. Per ad ullum lobortis. Duo volutpat imperdiet ut, postea salutatus imperdiet ut per, ad utinam debitis invenire has.</p><p>Liber utroque vim an, ne his brute vivendo, est fabulas consetetur appellantur an. In dolore legendos quo, ne ferri noluisse sed. Tantas eligendi at ius. Purto ipsum nemore sit ad.</p><p>Vix tale noluisse voluptua ad, ne brute altera democritum cum. Omnes ornatus qui et, te aeterno discere ocurreret sea. Tollit cetero cu usu, etiam evertitur id nec. Id pro unum pertinax oportere, vel ad ridens mollis. Ad ius meis suavitate voluptaria.</p><p>Mei ut errem legimus periculis, eos liber epicurei necessitatibus eu, facilisi postulant vel no. Ad mea commune disputando, cu vel choro exerci. Pri et oratio iisque atomorum, enim detracto mei ne, id eos soleat iudicabit. Ne reque reformidans mei, rebum delicata consequuntur an sit. Sea ad audire utamur. Ut mei ridens minimum intellegat, perpetua euripidis te qui, ad consul intellegebat comprehensam eum.</p><p>Ex vix alienum sadipscing, quod melius philosophia id has. Ad qui quem reprimique, quo possit detracto reprimique no, sint reque officiis ei per. Ea regione commune volutpat pro, fabulas facilis omnesque mei ne. Cu unum detracto comprehensam sea, ad vim ancillae principes, ex usu fugit consulatu. Vis te purto equidem voluptatum.</p><p>Detracto contentiones te est, brute ipsum consul an vis. Mea ei regione blandit ullamcorper, definiebas constituam vix ei. At his ludus nonumes gloriatur. Ne vim tamquam nonumes.</p><p>Duo purto pertinax in. Ea noluisse mediocrem qui, nobis melius vis et. Iudico delicatissimi no qui, quando fastidii nam et, ne eum rationibus deseruisse neglegentur. Ei eum populo viderer reprimique, tantas homero abhorreant usu ei, at postulant gloriatur vituperata sit.</p>','about-banner.jpg','Ecommerce - About Us','about, about us, about team, about company','This is a page where we have described details about us.','FAQ','faq-banner.jpg','Ecommerce - FAQ','','','Blog','blog-banner.jpg','Ecommerce - Blog','','','Contact Us',' ä»£å¸','contact-banner.jpg','Ecommerce - Contact','','','Photo Gallery','Chinese Photo Gallery ','pgallery-banner.jpg','Ecommerce - Photo Gallery','','','Chinese Video Gallery 1','Chinese Video Gallery ','vgallery-banner.jpg','Ecommerce - Video Gallery','','','English','Chinese','');
/*!40000 ALTER TABLE `tbl_page` ENABLE KEYS */;
UNLOCK TABLES;

--
-- Table structure for table `tbl_payment`
--

DROP TABLE IF EXISTS `tbl_payment`;
/*!40101 SET @saved_cs_client     = @@character_set_client */;
/*!40101 SET character_set_client = utf8 */;
CREATE TABLE `tbl_payment` (
  `id` int(11) NOT NULL AUTO_INCREMENT,
  `customer_id` int(11) DEFAULT NULL,
  `customer_name` varchar(255) DEFAULT NULL,
  `customer_email` varchar(255) DEFAULT NULL,
  `payment_date` varchar(50) DEFAULT NULL,
  `txnid` varchar(255) DEFAULT NULL,
  `paid_amount` int(11) DEFAULT NULL,
  `card_number` varchar(50) DEFAULT NULL,
  `card_cvv` varchar(10) DEFAULT NULL,
  `card_month` varchar(10) DEFAULT NULL,
  `card_year` varchar(10) DEFAULT NULL,
  `bank_transaction_info` text,
  `payment_method` varchar(20) DEFAULT NULL,
  `payment_status` varchar(25) DEFAULT NULL,
  `shipping_status` varchar(20) DEFAULT NULL,
  `payment_id` varchar(255) DEFAULT NULL,
  PRIMARY KEY (`id`)
) ENGINE=MyISAM AUTO_INCREMENT=64 DEFAULT CHARSET=latin1;
/*!40101 SET character_set_client = @saved_cs_client */;

--
-- Dumping data for table `tbl_payment`
--

LOCK TABLES `tbl_payment` WRITE;
/*!40000 ALTER TABLE `tbl_payment` DISABLE KEYS */;
INSERT INTO `tbl_payment` VALUES (44,1,'John Doe','customer@gmail.com','2020-05-10 17:09:52',NULL,22,NULL,NULL,NULL,NULL,'','MetaMask','Completed','Pending','1589108992'),(45,1,'John Doe','customer@gmail.com','2020-05-10 17:48:33','0xb0bb799c00e5eccb71721f9a2260b12ba374a9b3a63b807d83f634f6757b5d03',22,NULL,NULL,NULL,NULL,'','MetaMask','Completed','Pending','1589111313'),(46,1,'John Doe','customer@gmail.com','2020-05-10 17:52:39','0x12999750ada6d2570e33c5252ad0d2c1588f2bcb9cff0150953bb05afdf21f23',22,NULL,NULL,NULL,NULL,'','MetaMask','Completed','Pending','1589111559'),(47,1,'John Doe','customer@gmail.com','2020-05-10 17:57:33','0x2ce64ab19a744102c5dadba0b335bcfe9f919f3262487b8ddc138f711efd080b',30,NULL,NULL,NULL,NULL,'','MetaMask','Completed','Pending','1589111853'),(48,1,'John Doe','customer@gmail.com','2020-05-10 18:01:14','1',30,NULL,NULL,NULL,NULL,'','MetaMask','Completed','Pending','1589112074'),(49,1,'John Doe','customer@gmail.com','2020-05-10 18:04:36','1',30,NULL,NULL,NULL,NULL,'','MetaMask','Completed','Pending','1589112276'),(50,1,'John Doe','customer@gmail.com','2020-05-10 20:31:14','1',30,NULL,NULL,NULL,NULL,'','MetaMask','Completed','Pending','1589121074'),(51,1,'John Doe','customer@gmail.com','2020-05-10 20:34:39','1',30,NULL,NULL,NULL,NULL,'','MetaMask','Completed','Pending','1589121279'),(52,1,'John Doe','customer@gmail.com','2020-05-10 20:44:54','1',30,NULL,NULL,NULL,NULL,'','MetaMask','Completed','Pending','1589121894'),(53,1,'John Doe','customer@gmail.com','2020-05-10 20:46:12','1',30,NULL,NULL,NULL,NULL,'','MetaMask','Completed','Pending','1589121972'),(54,1,'John Doe','customer@gmail.com','2020-05-10 20:48:03','1',44,NULL,NULL,NULL,NULL,'','MetaMask','Completed','Pending','1589122083'),(55,1,'John Doe','customer@gmail.com','2020-05-10 21:07:20','1',30,NULL,NULL,NULL,NULL,'','MetaMask','Completed','Pending','1589123240'),(56,1,'John Doe','customer@gmail.com','2020-05-10 21:27:57','1',30,NULL,NULL,NULL,NULL,'','MetaMask','Completed','Pending','1589124477'),(57,1,'John Doe','customer@gmail.com','2020-05-10 21:32:34','false',30,NULL,NULL,NULL,NULL,'','MetaMask','Completed','Pending','1589124754'),(58,1,'John Doe','customer@gmail.com','2020-05-10 21:46:49','0x4967b0fa3acca8c9dfd2b2dd2e334af70293d32ceb0e1e5f363c0607c3917692',30,NULL,NULL,NULL,NULL,'','MetaMask','Completed','Pending','1589125609'),(59,1,'John Doe','customer@gmail.com','2020-05-10 21:55:34','0x7fe9c85e21c48f66f120bfcb7cb5d9d2888296d412574dd5df6f0931ef752432',30,NULL,NULL,NULL,NULL,'','MetaMask','Completed','Pending','1589126134'),(60,1,'John Doe','customer@gmail.com','2020-05-13 11:55:09','0xca95ceca083f44afddfd6157cf486c5125a45e0bc97603f796aa0a703cdc6a82',30,NULL,NULL,NULL,NULL,'','MetaMask','Completed','Pending','1589349309'),(61,1,'John Doe','customer@gmail.com','2020-05-16 23:38:10','0x034623363cafd12774d6f78cd67a0e5fad4882166c16b2dc8967173c382e9710',40,NULL,NULL,NULL,NULL,'','MetaMask','Completed','Completed','1589650690'),(62,1,'John Doe','customer@gmail.com','2020-05-29 11:52:09','false',30,NULL,NULL,NULL,NULL,'','Token','Completed','Pending','1590731529'),(63,1,'John Doe','customer@gmail.com','2020-05-29 11:55:47','false',30,NULL,NULL,NULL,NULL,'','Token','Completed','Pending','1590731747');
/*!40000 ALTER TABLE `tbl_payment` ENABLE KEYS */;
UNLOCK TABLES;

--
-- Table structure for table `tbl_photo`
--

DROP TABLE IF EXISTS `tbl_photo`;
/*!40101 SET @saved_cs_client     = @@character_set_client */;
/*!40101 SET character_set_client = utf8 */;
CREATE TABLE `tbl_photo` (
  `id` int(11) NOT NULL AUTO_INCREMENT,
  `caption` varchar(255) NOT NULL,
  `photo` varchar(255) NOT NULL,
  PRIMARY KEY (`id`)
) ENGINE=InnoDB AUTO_INCREMENT=7 DEFAULT CHARSET=latin1;
/*!40101 SET character_set_client = @saved_cs_client */;

--
-- Dumping data for table `tbl_photo`
--

LOCK TABLES `tbl_photo` WRITE;
/*!40000 ALTER TABLE `tbl_photo` DISABLE KEYS */;
INSERT INTO `tbl_photo` VALUES (1,'Photo 1','photo-1.jpg'),(2,'Photo 2','photo-2.jpg'),(3,'Photo 3','photo-3.jpg'),(4,'Photo 4','photo-4.jpg'),(5,'Photo 5','photo-5.jpg'),(6,'Photo 6','photo-6.jpg');
/*!40000 ALTER TABLE `tbl_photo` ENABLE KEYS */;
UNLOCK TABLES;

--
-- Table structure for table `tbl_post`
--

DROP TABLE IF EXISTS `tbl_post`;
/*!40101 SET @saved_cs_client     = @@character_set_client */;
/*!40101 SET character_set_client = utf8 */;
CREATE TABLE `tbl_post` (
  `post_id` int(11) NOT NULL AUTO_INCREMENT,
  `post_title` varchar(255) NOT NULL,
  `post_slug` varchar(255) NOT NULL,
  `post_content` text NOT NULL,
  `post_date` varchar(255) NOT NULL,
  `photo` varchar(255) NOT NULL,
  `category_id` int(11) NOT NULL,
  `total_view` int(11) NOT NULL,
  `meta_title` varchar(255) NOT NULL,
  `meta_keyword` text NOT NULL,
  `meta_description` text NOT NULL,
  PRIMARY KEY (`post_id`)
) ENGINE=InnoDB AUTO_INCREMENT=12 DEFAULT CHARSET=latin1;
/*!40101 SET character_set_client = @saved_cs_client */;

--
-- Dumping data for table `tbl_post`
--

LOCK TABLES `tbl_post` WRITE;
/*!40000 ALTER TABLE `tbl_post` DISABLE KEYS */;
INSERT INTO `tbl_post` VALUES (1,'Cu vel choro exerci pri et oratio iisque','cu-vel-choro-exerci-pri-et-oratio-iisque','<p>Lorem ipsum dolor sit amet, qui case probo velit no, an postea scaevola partiendo mei. Id mea fuisset perpetua referrentur. Ut everti ceteros mei, alii discere eum no, duo id malis iuvaret. Ad sint everti accusam vel, ea viderer suscipiantur pri. Brute option minimum in cum, ignota iuvaret an pro.</p>\r\n\r\n<p>Solum atqui intellegebat mea an. Ne ius alterum aliquam. Ea nec populo aliquid mentitum, vis in meliore atomorum, sanctus consequat vituperatoribus duo ea. Ad doctus pertinacia ius, virtute fuisset id has, eum ut modo principes. Qui eu labore adversarium, oporteat delicata qui ut, an qui meliore principes. Id aliquid dolorum nam.</p>\r\n\r\n<p>Reque pericula philosophia ut mei, volumus eligendi mandamus has an. In nobis consulatu pri, has at timeam scaevola, has simul quaeque et. Te nec sale accumsan. Dolorem prodesset efficiendi sea ea.</p>\r\n\r\n<p>Et habeo modus debitis pri, vel quis fierent albucius ne. Ea animal meliore usu, nec etiam dolorum atomorum at, nam in audire mandamus omittantur. Cu ius dicam officiis molestiae, mea volumus officiis cotidieque no. Ut vel possim interpretaris, idque probatus antiopam has ad. Facilisi qualisque te sea, no dolorum mnesarchum usu.</p>\r\n\r\n<p>Eum tota graeci impetus an, eirmod invenire rationibus ne mel. Ignota habemus eum ex, vis omnesque delicata perpetua an. Sit id modo invidunt sapientem, ne eum vocibus dolores phaedrum. Case praesent appellantur eu per.</p>\r\n','05-09-2017','news-1.jpg',3,14,'Cu vel choro exerci pri et oratio iisque','',''),(2,'Epicurei necessitatibus eu facilisi postulant ','epicurei-necessitatibus-eu-facilisi-postulant-','<p>Lorem ipsum dolor sit amet, qui case probo velit no, an postea scaevola partiendo mei. Id mea fuisset perpetua referrentur. Ut everti ceteros mei, alii discere eum no, duo id malis iuvaret. Ad sint everti accusam vel, ea viderer suscipiantur pri. Brute option minimum in cum, ignota iuvaret an pro.</p>\r\n\r\n<p>Solum atqui intellegebat mea an. Ne ius alterum aliquam. Ea nec populo aliquid mentitum, vis in meliore atomorum, sanctus consequat vituperatoribus duo ea. Ad doctus pertinacia ius, virtute fuisset id has, eum ut modo principes. Qui eu labore adversarium, oporteat delicata qui ut, an qui meliore principes. Id aliquid dolorum nam.</p>\r\n\r\n<p>Reque pericula philosophia ut mei, volumus eligendi mandamus has an. In nobis consulatu pri, has at timeam scaevola, has simul quaeque et. Te nec sale accumsan. Dolorem prodesset efficiendi sea ea.</p>\r\n\r\n<p>Et habeo modus debitis pri, vel quis fierent albucius ne. Ea animal meliore usu, nec etiam dolorum atomorum at, nam in audire mandamus omittantur. Cu ius dicam officiis molestiae, mea volumus officiis cotidieque no. Ut vel possim interpretaris, idque probatus antiopam has ad. Facilisi qualisque te sea, no dolorum mnesarchum usu.</p>\r\n\r\n<p>Eum tota graeci impetus an, eirmod invenire rationibus ne mel. Ignota habemus eum ex, vis omnesque delicata perpetua an. Sit id modo invidunt sapientem, ne eum vocibus dolores phaedrum. Case praesent appellantur eu per.</p>\r\n','05-09-2017','news-2.jpg',3,6,'Epicurei necessitatibus eu facilisi postulant ','',''),(3,'Mei ut errem legimus periculis eos liber','mei-ut-errem-legimus-periculis-eos-liber','<p>Lorem ipsum dolor sit amet, qui case probo velit no, an postea scaevola partiendo mei. Id mea fuisset perpetua referrentur. Ut everti ceteros mei, alii discere eum no, duo id malis iuvaret. Ad sint everti accusam vel, ea viderer suscipiantur pri. Brute option minimum in cum, ignota iuvaret an pro.</p>\r\n\r\n<p>Solum atqui intellegebat mea an. Ne ius alterum aliquam. Ea nec populo aliquid mentitum, vis in meliore atomorum, sanctus consequat vituperatoribus duo ea. Ad doctus pertinacia ius, virtute fuisset id has, eum ut modo principes. Qui eu labore adversarium, oporteat delicata qui ut, an qui meliore principes. Id aliquid dolorum nam.</p>\r\n\r\n<p>Reque pericula philosophia ut mei, volumus eligendi mandamus has an. In nobis consulatu pri, has at timeam scaevola, has simul quaeque et. Te nec sale accumsan. Dolorem prodesset efficiendi sea ea.</p>\r\n\r\n<p>Et habeo modus debitis pri, vel quis fierent albucius ne. Ea animal meliore usu, nec etiam dolorum atomorum at, nam in audire mandamus omittantur. Cu ius dicam officiis molestiae, mea volumus officiis cotidieque no. Ut vel possim interpretaris, idque probatus antiopam has ad. Facilisi qualisque te sea, no dolorum mnesarchum usu.</p>\r\n\r\n<p>Eum tota graeci impetus an, eirmod invenire rationibus ne mel. Ignota habemus eum ex, vis omnesque delicata perpetua an. Sit id modo invidunt sapientem, ne eum vocibus dolores phaedrum. Case praesent appellantur eu per.</p>\r\n','05-09-2017','news-3.jpg',3,1,'Mei ut errem legimus periculis eos liber','',''),(4,'Id pro unum pertinax oportere vel','id-pro-unum-pertinax-oportere-vel','<p>Lorem ipsum dolor sit amet, qui case probo velit no, an postea scaevola partiendo mei. Id mea fuisset perpetua referrentur. Ut everti ceteros mei, alii discere eum no, duo id malis iuvaret. Ad sint everti accusam vel, ea viderer suscipiantur pri. Brute option minimum in cum, ignota iuvaret an pro.</p>\r\n\r\n<p>Solum atqui intellegebat mea an. Ne ius alterum aliquam. Ea nec populo aliquid mentitum, vis in meliore atomorum, sanctus consequat vituperatoribus duo ea. Ad doctus pertinacia ius, virtute fuisset id has, eum ut modo principes. Qui eu labore adversarium, oporteat delicata qui ut, an qui meliore principes. Id aliquid dolorum nam.</p>\r\n\r\n<p>Reque pericula philosophia ut mei, volumus eligendi mandamus has an. In nobis consulatu pri, has at timeam scaevola, has simul quaeque et. Te nec sale accumsan. Dolorem prodesset efficiendi sea ea.</p>\r\n\r\n<p>Et habeo modus debitis pri, vel quis fierent albucius ne. Ea animal meliore usu, nec etiam dolorum atomorum at, nam in audire mandamus omittantur. Cu ius dicam officiis molestiae, mea volumus officiis cotidieque no. Ut vel possim interpretaris, idque probatus antiopam has ad. Facilisi qualisque te sea, no dolorum mnesarchum usu.</p>\r\n\r\n<p>Eum tota graeci impetus an, eirmod invenire rationibus ne mel. Ignota habemus eum ex, vis omnesque delicata perpetua an. Sit id modo invidunt sapientem, ne eum vocibus dolores phaedrum. Case praesent appellantur eu per.</p>\r\n','05-09-2017','news-4.jpg',4,0,'Id pro unum pertinax oportere vel','',''),(5,'Tollit cetero cu usu etiam evertitur','tollit-cetero-cu-usu-etiam-evertitur','<p>Lorem ipsum dolor sit amet, qui case probo velit no, an postea scaevola partiendo mei. Id mea fuisset perpetua referrentur. Ut everti ceteros mei, alii discere eum no, duo id malis iuvaret. Ad sint everti accusam vel, ea viderer suscipiantur pri. Brute option minimum in cum, ignota iuvaret an pro.</p>\r\n\r\n<p>Solum atqui intellegebat mea an. Ne ius alterum aliquam. Ea nec populo aliquid mentitum, vis in meliore atomorum, sanctus consequat vituperatoribus duo ea. Ad doctus pertinacia ius, virtute fuisset id has, eum ut modo principes. Qui eu labore adversarium, oporteat delicata qui ut, an qui meliore principes. Id aliquid dolorum nam.</p>\r\n\r\n<p>Reque pericula philosophia ut mei, volumus eligendi mandamus has an. In nobis consulatu pri, has at timeam scaevola, has simul quaeque et. Te nec sale accumsan. Dolorem prodesset efficiendi sea ea.</p>\r\n\r\n<p>Et habeo modus debitis pri, vel quis fierent albucius ne. Ea animal meliore usu, nec etiam dolorum atomorum at, nam in audire mandamus omittantur. Cu ius dicam officiis molestiae, mea volumus officiis cotidieque no. Ut vel possim interpretaris, idque probatus antiopam has ad. Facilisi qualisque te sea, no dolorum mnesarchum usu.</p>\r\n\r\n<p>Eum tota graeci impetus an, eirmod invenire rationibus ne mel. Ignota habemus eum ex, vis omnesque delicata perpetua an. Sit id modo invidunt sapientem, ne eum vocibus dolores phaedrum. Case praesent appellantur eu per.</p>\r\n','05-09-2017','news-5.jpg',4,24,'Tollit cetero cu usu etiam evertitur','',''),(6,'Omnes ornatus qui et te aeterno','omnes-ornatus-qui-et-te-aeterno','<p>Lorem ipsum dolor sit amet, qui case probo velit no, an postea scaevola partiendo mei. Id mea fuisset perpetua referrentur. Ut everti ceteros mei, alii discere eum no, duo id malis iuvaret. Ad sint everti accusam vel, ea viderer suscipiantur pri. Brute option minimum in cum, ignota iuvaret an pro.</p>\r\n\r\n<p>Solum atqui intellegebat mea an. Ne ius alterum aliquam. Ea nec populo aliquid mentitum, vis in meliore atomorum, sanctus consequat vituperatoribus duo ea. Ad doctus pertinacia ius, virtute fuisset id has, eum ut modo principes. Qui eu labore adversarium, oporteat delicata qui ut, an qui meliore principes. Id aliquid dolorum nam.</p>\r\n\r\n<p>Reque pericula philosophia ut mei, volumus eligendi mandamus has an. In nobis consulatu pri, has at timeam scaevola, has simul quaeque et. Te nec sale accumsan. Dolorem prodesset efficiendi sea ea.</p>\r\n\r\n<p>Et habeo modus debitis pri, vel quis fierent albucius ne. Ea animal meliore usu, nec etiam dolorum atomorum at, nam in audire mandamus omittantur. Cu ius dicam officiis molestiae, mea volumus officiis cotidieque no. Ut vel possim interpretaris, idque probatus antiopam has ad. Facilisi qualisque te sea, no dolorum mnesarchum usu.</p>\r\n\r\n<p>Eum tota graeci impetus an, eirmod invenire rationibus ne mel. Ignota habemus eum ex, vis omnesque delicata perpetua an. Sit id modo invidunt sapientem, ne eum vocibus dolores phaedrum. Case praesent appellantur eu per.</p>\r\n','05-09-2017','news-6.jpg',4,2,'Omnes ornatus qui et te aeterno','',''),(7,'Vix tale noluisse voluptua ad ne','vix-tale-noluisse-voluptua-ad-ne','<p>Lorem ipsum dolor sit amet, qui case probo velit no, an postea scaevola partiendo mei. Id mea fuisset perpetua referrentur. Ut everti ceteros mei, alii discere eum no, duo id malis iuvaret. Ad sint everti accusam vel, ea viderer suscipiantur pri. Brute option minimum in cum, ignota iuvaret an pro.</p>\r\n\r\n<p>Solum atqui intellegebat mea an. Ne ius alterum aliquam. Ea nec populo aliquid mentitum, vis in meliore atomorum, sanctus consequat vituperatoribus duo ea. Ad doctus pertinacia ius, virtute fuisset id has, eum ut modo principes. Qui eu labore adversarium, oporteat delicata qui ut, an qui meliore principes. Id aliquid dolorum nam.</p>\r\n\r\n<p>Reque pericula philosophia ut mei, volumus eligendi mandamus has an. In nobis consulatu pri, has at timeam scaevola, has simul quaeque et. Te nec sale accumsan. Dolorem prodesset efficiendi sea ea.</p>\r\n\r\n<p>Et habeo modus debitis pri, vel quis fierent albucius ne. Ea animal meliore usu, nec etiam dolorum atomorum at, nam in audire mandamus omittantur. Cu ius dicam officiis molestiae, mea volumus officiis cotidieque no. Ut vel possim interpretaris, idque probatus antiopam has ad. Facilisi qualisque te sea, no dolorum mnesarchum usu.</p>\r\n\r\n<p>Eum tota graeci impetus an, eirmod invenire rationibus ne mel. Ignota habemus eum ex, vis omnesque delicata perpetua an. Sit id modo invidunt sapientem, ne eum vocibus dolores phaedrum. Case praesent appellantur eu per.</p>\r\n','05-09-2017','news-7.jpg',2,0,'Vix tale noluisse voluptua ad ne','',''),(8,'Liber utroque vim an ne his brute','liber-utroque-vim-an-ne-his-brute','<p>Lorem ipsum dolor sit amet, qui case probo velit no, an postea scaevola partiendo mei. Id mea fuisset perpetua referrentur. Ut everti ceteros mei, alii discere eum no, duo id malis iuvaret. Ad sint everti accusam vel, ea viderer suscipiantur pri. Brute option minimum in cum, ignota iuvaret an pro.</p>\r\n\r\n<p>Solum atqui intellegebat mea an. Ne ius alterum aliquam. Ea nec populo aliquid mentitum, vis in meliore atomorum, sanctus consequat vituperatoribus duo ea. Ad doctus pertinacia ius, virtute fuisset id has, eum ut modo principes. Qui eu labore adversarium, oporteat delicata qui ut, an qui meliore principes. Id aliquid dolorum nam.</p>\r\n\r\n<p>Reque pericula philosophia ut mei, volumus eligendi mandamus has an. In nobis consulatu pri, has at timeam scaevola, has simul quaeque et. Te nec sale accumsan. Dolorem prodesset efficiendi sea ea.</p>\r\n\r\n<p>Et habeo modus debitis pri, vel quis fierent albucius ne. Ea animal meliore usu, nec etiam dolorum atomorum at, nam in audire mandamus omittantur. Cu ius dicam officiis molestiae, mea volumus officiis cotidieque no. Ut vel possim interpretaris, idque probatus antiopam has ad. Facilisi qualisque te sea, no dolorum mnesarchum usu.</p>\r\n\r\n<p>Eum tota graeci impetus an, eirmod invenire rationibus ne mel. Ignota habemus eum ex, vis omnesque delicata perpetua an. Sit id modo invidunt sapientem, ne eum vocibus dolores phaedrum. Case praesent appellantur eu per.</p>\r\n','05-09-2017','news-8.jpg',2,12,'Liber utroque vim an ne his brute','',''),(9,'Nostrum copiosae argumentum has','nostrum-copiosae-argumentum-has','<p>Lorem ipsum dolor sit amet, qui case probo velit no, an postea scaevola partiendo mei. Id mea fuisset perpetua referrentur. Ut everti ceteros mei, alii discere eum no, duo id malis iuvaret. Ad sint everti accusam vel, ea viderer suscipiantur pri. Brute option minimum in cum, ignota iuvaret an pro.</p>\r\n\r\n<p>Solum atqui intellegebat mea an. Ne ius alterum aliquam. Ea nec populo aliquid mentitum, vis in meliore atomorum, sanctus consequat vituperatoribus duo ea. Ad doctus pertinacia ius, virtute fuisset id has, eum ut modo principes. Qui eu labore adversarium, oporteat delicata qui ut, an qui meliore principes. Id aliquid dolorum nam.</p>\r\n\r\n<p>Reque pericula philosophia ut mei, volumus eligendi mandamus has an. In nobis consulatu pri, has at timeam scaevola, has simul quaeque et. Te nec sale accumsan. Dolorem prodesset efficiendi sea ea.</p>\r\n\r\n<p>Et habeo modus debitis pri, vel quis fierent albucius ne. Ea animal meliore usu, nec etiam dolorum atomorum at, nam in audire mandamus omittantur. Cu ius dicam officiis molestiae, mea volumus officiis cotidieque no. Ut vel possim interpretaris, idque probatus antiopam has ad. Facilisi qualisque te sea, no dolorum mnesarchum usu.</p>\r\n\r\n<p>Eum tota graeci impetus an, eirmod invenire rationibus ne mel. Ignota habemus eum ex, vis omnesque delicata perpetua an. Sit id modo invidunt sapientem, ne eum vocibus dolores phaedrum. Case praesent appellantur eu per.</p>\r\n','05-09-2017','news-9.jpg',1,12,'Nostrum copiosae argumentum has','',''),(10,'An labores explicari qui eu','an-labores-explicari-qui-eu','<p>Lorem ipsum dolor sit amet, qui case probo velit no, an postea scaevola partiendo mei. Id mea fuisset perpetua referrentur. Ut everti ceteros mei, alii discere eum no, duo id malis iuvaret. Ad sint everti accusam vel, ea viderer suscipiantur pri. Brute option minimum in cum, ignota iuvaret an pro.</p>\r\n\r\n<p>Solum atqui intellegebat mea an. Ne ius alterum aliquam. Ea nec populo aliquid mentitum, vis in meliore atomorum, sanctus consequat vituperatoribus duo ea. Ad doctus pertinacia ius, virtute fuisset id has, eum ut modo principes. Qui eu labore adversarium, oporteat delicata qui ut, an qui meliore principes. Id aliquid dolorum nam.</p>\r\n\r\n<p>Reque pericula philosophia ut mei, volumus eligendi mandamus has an. In nobis consulatu pri, has at timeam scaevola, has simul quaeque et. Te nec sale accumsan. Dolorem prodesset efficiendi sea ea.</p>\r\n\r\n<p>Et habeo modus debitis pri, vel quis fierent albucius ne. Ea animal meliore usu, nec etiam dolorum atomorum at, nam in audire mandamus omittantur. Cu ius dicam officiis molestiae, mea volumus officiis cotidieque no. Ut vel possim interpretaris, idque probatus antiopam has ad. Facilisi qualisque te sea, no dolorum mnesarchum usu.</p>\r\n\r\n<p>Eum tota graeci impetus an, eirmod invenire rationibus ne mel. Ignota habemus eum ex, vis omnesque delicata perpetua an. Sit id modo invidunt sapientem, ne eum vocibus dolores phaedrum. Case praesent appellantur eu per.</p>\r\n','05-09-2017','news-10.jpg',1,4,'An labores explicari qui eu','',''),(11,'Lorem ipsum dolor sit amet','lorem-ipsum-dolor-sit-amet','<p>Lorem ipsum dolor sit amet, qui case probo velit no, an postea scaevola partiendo mei. Id mea fuisset perpetua referrentur. Ut everti ceteros mei, alii discere eum no, duo id malis iuvaret. Ad sint everti accusam vel, ea viderer suscipiantur pri. Brute option minimum in cum, ignota iuvaret an pro.</p>\r\n\r\n<p>Solum atqui intellegebat mea an. Ne ius alterum aliquam. Ea nec populo aliquid mentitum, vis in meliore atomorum, sanctus consequat vituperatoribus duo ea. Ad doctus pertinacia ius, virtute fuisset id has, eum ut modo principes. Qui eu labore adversarium, oporteat delicata qui ut, an qui meliore principes. Id aliquid dolorum nam.</p>\r\n\r\n<p>Reque pericula philosophia ut mei, volumus eligendi mandamus has an. In nobis consulatu pri, has at timeam scaevola, has simul quaeque et. Te nec sale accumsan. Dolorem prodesset efficiendi sea ea.</p>\r\n\r\n<p>Et habeo modus debitis pri, vel quis fierent albucius ne. Ea animal meliore usu, nec etiam dolorum atomorum at, nam in audire mandamus omittantur. Cu ius dicam officiis molestiae, mea volumus officiis cotidieque no. Ut vel possim interpretaris, idque probatus antiopam has ad. Facilisi qualisque te sea, no dolorum mnesarchum usu.</p>\r\n\r\n<p>Eum tota graeci impetus an, eirmod invenire rationibus ne mel. Ignota habemus eum ex, vis omnesque delicata perpetua an. Sit id modo invidunt sapientem, ne eum vocibus dolores phaedrum. Case praesent appellantur eu per.</p>\r\n','05-09-2017','news-11.jpg',1,18,'Lorem ipsum dolor sit amet','','');
/*!40000 ALTER TABLE `tbl_post` ENABLE KEYS */;
UNLOCK TABLES;

--
-- Table structure for table `tbl_product`
--

DROP TABLE IF EXISTS `tbl_product`;
/*!40101 SET @saved_cs_client     = @@character_set_client */;
/*!40101 SET character_set_client = utf8 */;
CREATE TABLE `tbl_product` (
  `p_id` int(11) NOT NULL AUTO_INCREMENT,
  `p_name` varchar(255) NOT NULL,
  `p_name_chinese` varchar(255) NOT NULL,
  `p_old_price` varchar(10) NOT NULL,
  `p_current_price` varchar(10) NOT NULL,
  `p_qty` int(10) NOT NULL,
  `p_featured_photo` varchar(255) NOT NULL,
  `p_description` text NOT NULL,
  `p_description_chinese` text NOT NULL,
  `p_short_description` text NOT NULL,
  `p_short_description_chinese` text NOT NULL,
  `p_feature` text NOT NULL,
  `p_feature_chinese` text NOT NULL,
  `p_condition` text NOT NULL,
  `p_condition_chinese` text NOT NULL,
  `p_return_policy` text NOT NULL,
  `p_return_policy_chinese` text NOT NULL,
  `p_total_view` int(11) NOT NULL,
  `p_is_featured` int(1) NOT NULL,
  `p_is_active` int(1) NOT NULL,
  `ecat_id` int(11) NOT NULL,
  PRIMARY KEY (`p_id`)
) ENGINE=InnoDB AUTO_INCREMENT=77 DEFAULT CHARSET=latin1;
/*!40101 SET character_set_client = @saved_cs_client */;

--
-- Dumping data for table `tbl_product`
--

LOCK TABLES `tbl_product` WRITE;
/*!40000 ALTER TABLE `tbl_product` DISABLE KEYS */;
INSERT INTO `tbl_product` VALUES (1,'Never Stop T-Shirt','æ°¸ä¸åœæ­¢çš„Tæ¤','30','20',30,'product-featured-1.png','<p>A T-shirt is a style of fabric shirt named after the T shape of its body and sleeves. Traditionally it has short sleeves and a round neckline, known as a crew neck, which lacks a collar. T-shirts are generally made of a stretchy, light and inexpensive fabric and are easy to clean.<br></p>\r\n','<p>Tæ¤æ˜¯ä¸€ç§ä»¥èº«ä½“å’Œè¢–å­çš„Tå½¢å‘½åçš„é¢æ–™è¡¬è¡«ã€‚ä¼ ç»Ÿä¸Šï¼Œå®ƒæœ‰çŸ­è¢–å’Œåœ†é¢†ï¼Œç§°ä¸ºåœ†é¢†ï¼Œæ²¡æœ‰é¢†å­ã€‚ Tæ¤é€šå¸¸ç”±å¼¹æ€§ï¼Œè½»ä¾¿ä¸”ä¾¿å®œçš„é¢æ–™åˆ¶æˆï¼Œå¹¶ä¸”æ˜“äºŽæ¸…æ´ã€‚<br></p>','<p>A T-shirt is a style of fabric shirt named after the T shape of its body and sleeves.&nbsp;<br></p>\r\n','<p>Tæ¤æ˜¯ä¸€ç§ä»¥èº«ä½“å’Œè¢–å­çš„Tå½¢å‘½åçš„é¢æ–™è¡¬è¡«<br></p>','<p>Universal Size<br></p>','<p>é€šç”¨å°ºå¯¸<br></p>','<p>Good</p>','<p>å¥½<br></p>','<p>Product Supports Returns</p>','<p>äº§å“æ”¯æŒé€€è´§<br></p>',326,1,1,1),(4,'Charismatic Red Cotton T-shirt for Men','Pink Polyester Long Sleeve Jacket','','10',5,'product-featured-4.jpg','<p>Lorem ipsum dolor sit amet, an labores explicari qui, eu nostrum copiosae argumentum has. Latine propriae quo no, unum ridens expetenda id sit, at usu eius eligendi singulis. Sea ocurreret principes ne. At nonumy aperiri pri, nam quodsi copiosae intellegebat et, ex deserunt euripidis usu. Per ad ullum lobortis. Duo volutpat imperdiet ut, postea salutatus imperdiet ut per, ad utinam debitis invenire has. Liber utroque vim an, ne his brute vivendo, est fabulas consetetur appellantur an. In dolore legendos quo, ne ferri noluisse sed. Tantas eligendi at ius. Purto ipsum nemore sit ad. Vix tale noluisse voluptua ad, ne brute altera democritum cum. Omnes ornatus qui et, te aeterno discere ocurreret sea. Tollit cetero cu usu, etiam evertitur id nec. Id pro unum pertinax oportere, vel ad ridens mollis. Ad ius meis suavitate voluptaria. Mei ut errem legimus periculis, eos liber epicurei necessitatibus eu, facilisi postulant vel no. Ad mea commune disputando, cu vel choro exerci. Pri et oratio iisque atomorum, enim detracto mei ne, id eos soleat iudicabit. Ne reque reformidans mei, rebum delicata consequuntur an sit. Sea ad audire utamur. Ut mei ridens minimum intellegat, perpetua euripidis te qui, ad consul intellegebat comprehensam eum. Ex vix alienum sadipscing, quod melius philosophia id has. Ad qui quem reprimique, quo possit detracto reprimique no, sint reque officiis ei per. Ea regione commune volutpat pro, fabulas facilis omnesque mei ne. Cu unum detracto comprehensam sea, ad vim ancillae principes, ex usu fugit consulatu. Vis te purto equidem voluptatum.</p>\r\n','','<p>Lorem ipsum dolor sit amet, an labores explicari qui, eu nostrum copiosae argumentum has. Latine propriae quo no, unum ridens expetenda id sit, at usu eius eligendi singulis.</p>\r\n','','<p>Product Type: T-shirt Color: Red Main Material: Cotton Gender: Men</p>\r\n','','','','','',51,0,1,1),(6,'Pant','å–˜æ°”','','12',40,'product-featured-6.png','<p>Slim Fit Men Blue Cotton Blend Trousers<br></p>','<p>ä¿®èº«ç”·å£«è“è‰²æ£‰æ··çººé•¿è£¤<br></p>','<p>Jeans are a type of pants or trousers, typically made from denim or dungaree cloth. ... Prior to the Levi Strauss patented trousers, the term \"blue jeans\" had been long in use for various garments (including trousers, overalls, and coats), constructed from blue-colored denim.<br></p>','<p>ç‰›ä»”è£¤æ˜¯è£¤å­æˆ–è£¤å­çš„ä¸€ç§ï¼Œé€šå¸¸ç”±ç‰›ä»”å¸ƒæˆ–å·¥è£…è£¤åˆ¶æˆã€‚ ...åœ¨Levi StraussèŽ·å¾—ä¸“åˆ©çš„è£¤å­ä¹‹å‰ï¼Œâ€œè“è‰²ç‰›ä»”è£¤â€ä¸€è¯å·²å¹¿æ³›ç”¨äºŽç”±è“è‰²ç‰›ä»”å¸ƒåˆ¶æˆçš„å„ç§æœè£…ï¼ˆåŒ…æ‹¬è£¤å­ï¼Œå·¥ä½œæœå’Œå¤§è¡£ï¼‰ã€‚<br></p>','<p>Stretchable<br></p>','<p>å¯æ‹‰ä¼¸<br></p>','<p>Tight Fit</p>','ç´§èº«<br>','<p>No Returns</p>','<p>æ²¡æœ‰é€€è´§<br></p>',78,1,1,2),(7,'Orange Cotton T-Shirt For Men',' ç”·å£«æ©™è‰²æ£‰Tæ¤','','15',26,'product-featured-7.png','<p>Casually comfy, A polo T-Shirt can never go out of style. The classic and simple design makes this evergreen trend swankier and fun to sport.<br></p>\r\n','<p>éšä¾¿èˆ’é€‚ï¼Œpoloè¡«ç»å¯¹ä¸ä¼šè¿‡æ—¶ã€‚ç»å…¸è€Œç®€å•çš„è®¾è®¡ä½¿è¿™ç§å¸¸é’è¶‹åŠ¿æ›´åŠ æ—¶å°šåŠ¨äººã€‚<br></p>','<p>A polo T-Shirt can never go out of style<br></p>\r\n','<p>é©¬çƒTæ¤æ°¸è¿œä¸ä¼šè¿‡æ—¶<br></p>','<div><ul id=\"product-details-list1\" style=\"margin-right: 0px; margin-bottom: 0px; margin-left: 0px; padding: 0px; list-style: none;\"><li id=\"product-details-list-item1\" style=\"position: relative; list-style: disc; margin-left: 17px; padding: 0px 0px 0px 7px;\"><font color=\"#3d464d\" face=\"Lato, Helvetica Neue, Helvetica, Arial, sans-serif\"><span style=\"font-size: 14px;\">Design : Solid</span></font></li><li id=\"product-details-list-item1\" style=\"position: relative; list-style: disc; margin-left: 17px; padding: 0px 0px 0px 7px;\"><font color=\"#3d464d\" face=\"Lato, Helvetica Neue, Helvetica, Arial, sans-serif\"><span style=\"font-size: 14px;\">Fabric : Cotton</span></font></li><li id=\"product-details-list-item1\" style=\"position: relative; list-style: disc; margin-left: 17px; padding: 0px 0px 0px 7px;\"><font color=\"#3d464d\" face=\"Lato, Helvetica Neue, Helvetica, Arial, sans-serif\"><span style=\"font-size: 14px;\">Care Instructions : Machine Wash</span></font></li><li id=\"product-details-list-item1\" style=\"position: relative; list-style: disc; margin-left: 17px; padding: 0px 0px 0px 7px;\"><font color=\"#3d464d\" face=\"Lato, Helvetica Neue, Helvetica, Arial, sans-serif\"><span style=\"font-size: 14px;\">Country of Origin : India</span></font></li><li id=\"product-details-list-item1\" style=\"position: relative; list-style: disc; margin-left: 17px; padding: 0px 0px 0px 7px;\"><font color=\"#3d464d\" face=\"Lato, Helvetica Neue, Helvetica, Arial, sans-serif\"><span style=\"font-size: 14px;\">Net Quantity : 1</span></font></li></ul></div>\r\n','<p>è®¾è®¡ï¼šå®žå¿ƒ<br></p><p>é¢æ–™ï¼šæ£‰</p><p>ä¿å…»è¯´æ˜Žï¼šæœºæ´—</p><p>åŽŸäº§åœ°ï¼šå°åº¦</p><p>å‡€æ•°é‡ï¼š1</p>','<ul id=\"product-details-list2\" style=\"margin-right: 0px; margin-bottom: 0px; margin-left: 0px; padding: 0px; list-style: none; color: rgb(61, 70, 77); font-family: Lato, &quot;Helvetica Neue&quot;, Helvetica, Arial, sans-serif; font-size: 14px;\"><li id=\"product-details-list-item1\" style=\"position: relative; list-style: disc; margin-left: 17px; padding: 0px 0px 0px 7px;\">Sleeve Length : Half Sleeves</li><li id=\"product-details-list-item2\" style=\"position: relative; list-style: disc; margin-left: 17px; padding: 0px 0px 0px 7px;\">Fit : Regular</li><li id=\"product-details-list-item3\" style=\"position: relative; list-style: disc; margin-left: 17px; padding: 0px 0px 0px 7px;\">Model Wears : The Model is Wearing Size M</li><li id=\"product-details-list-item4\" style=\"position: relative; list-style: disc; margin-left: 17px; padding: 0px 0px 0px 7px;\">Manufactured/Imported By : Maha\'S Apparel</li></ul>','<p>è¢–é•¿ï¼šåŠè¢–<br></p><p>é€‚åˆï¼šå¸¸è§„</p><p>æ¨¡ç‰¹ç©¿ç€ï¼šæ¨¡ç‰¹ç©¿ç€ä¸­ç M</p><p>ç”Ÿäº§/è¿›å£è€…ï¼šMaha\'sæœè£…</p>','<p>Yes<br></p>','<p>æ˜¯<br></p>',95,1,1,1),(8,'Navy Blue Cotton Round Neck T-Shirt',' æµ·å†›è“è‰²æ£‰è´¨åœ†é¢†Tæ¤','','34',55,'product-featured-8.png','<p><span style=\"color: rgb(34, 34, 34); font-family: arial, sans-serif; font-size: 16px;\">A T-shirt is a style of fabric shirt named after the T shape of its body and sleeves. Traditionally it has short sleeves and a round neckline, known as a crew&nbsp;</span><b style=\"color: rgb(34, 34, 34); font-family: arial, sans-serif; font-size: 16px;\">neck</b><span style=\"color: rgb(34, 34, 34); font-family: arial, sans-serif; font-size: 16px;\">, which lacks a collar. T-shirts are generally made of a stretchy, light and inexpensive fabric and are easy to clean.</span><br></p>\r\n','<p>Tæ¤æ˜¯ä¸€ç§ä»¥èº«ä½“å’Œè¢–å­çš„Tå½¢å‘½åçš„é¢æ–™è¡¬è¡«ã€‚ä¼ ç»Ÿä¸Šï¼Œå®ƒæœ‰çŸ­è¢–å’Œåœ†é¢†ï¼Œç§°ä¸ºåœ†é¢†ï¼Œæ²¡æœ‰é¢†å­ã€‚ Tæ¤é€šå¸¸ç”±å¼¹æ€§ï¼Œè½»ä¾¿ä¸”ä¾¿å®œçš„é¢æ–™åˆ¶æˆï¼Œå¹¶ä¸”æ˜“äºŽæ¸…æ´ã€‚<br></p>','<p><span style=\"color: rgb(34, 34, 34); font-family: arial, sans-serif; font-size: 16px;\">T-shirts are generally made of a stretchy, light and inexpensive fabric and are easy to clean.</span><br></p>\r\n','<p>Tæ¤é€šå¸¸ç”±å¼¹æ€§ï¼Œè½»ä¾¿ä¸”ä¾¿å®œçš„é¢æ–™åˆ¶æˆï¼Œå¹¶ä¸”æ˜“äºŽæ¸…æ´ã€‚<br></p>','<ul>\r\n	<li><li>Sleeve Length : Half Sleeves</li><li>Fit : Regular</li><li>Model Wears : The Model is Wearing Size M</li><li>Manufactured/Imported By : Maha\'S Apparel</li></li>\r\n</ul>\r\n','<p>è¢–é•¿ï¼šåŠè¢–<br></p><p>é€‚åˆï¼šå¸¸è§„</p><p>æ¨¡ç‰¹ç©¿ç€ï¼šæ¨¡ç‰¹ç©¿ç€ä¸­ç M</p><p>ç”Ÿäº§/è¿›å£è€…ï¼šMaha\'sæœè£…</p>','<ul id=\"product-details-list1\" style=\"margin-right: 0px; margin-bottom: 0px; margin-left: 0px; padding: 0px; list-style: none; color: rgb(61, 70, 77); font-family: Lato, &quot;Helvetica Neue&quot;, Helvetica, Arial, sans-serif; font-size: 14px;\"><li id=\"product-details-list-item1\" style=\"position: relative; list-style: disc; margin-left: 17px; padding: 0px 0px 0px 7px;\">Design : Solid</li><li id=\"product-details-list-item2\" style=\"position: relative; list-style: disc; margin-left: 17px; padding: 0px 0px 0px 7px;\">Fabric : Cotton</li><li id=\"product-details-list-item3\" style=\"position: relative; list-style: disc; margin-left: 17px; padding: 0px 0px 0px 7px;\">Care Instructions : Machine Wash</li><li id=\"product-details-list-item4\" style=\"position: relative; list-style: disc; margin-left: 17px; padding: 0px 0px 0px 7px;\">Country of Origin : India</li><li id=\"product-details-list-item5\" style=\"position: relative; list-style: disc; margin-left: 17px; padding: 0px 0px 0px 7px;\">Net Quantity : 1</li></ul>','<p>è®¾è®¡ï¼šå®žå¿ƒ<br></p><p>é¢æ–™ï¼šæ£‰</p><p>ä¿å…»è¯´æ˜Žï¼šæœºæ´—</p><p>åŽŸäº§åœ°ï¼šå°åº¦</p><p>å‡€æ•°é‡ï¼š1</p>','<p>Yes</p>','<p>æ˜¯<br></p>',4,1,1,1),(9,'White T Shirt','ç™½è‰²Tæ¤','','38',44,'product-featured-9.png','<p>Highlighted with a typographic print, this tee is complemented with short sleeves and a crew neckline. Pull off a stylish ensemble by teaming up with solid shorts and sneakers.<br></p>\r\n','<p>è¿™æ¬¾Tæ¤å°æœ‰å°åˆ·å›¾æ¡ˆï¼Œå¹¶é…æœ‰çŸ­è¢–å’Œåœ†é¢†ã€‚æ­é…çº¯è‰²çŸ­è£¤å’Œè¿åŠ¨éž‹ï¼Œæ‰“é€ æ—¶å°šåˆå¥ã€‚<br></p>','<p>Pull off a stylish ensemble by teaming up with solid shorts and sneakers.<br></p>\r\n','<p>æ­é…çº¯è‰²çŸ­è£¤å’Œè¿åŠ¨éž‹ï¼Œæ‰“é€ æ—¶å°šåˆå¥ã€‚<br></p>','<p>Type : Crew Neck</p><p>Style : Casual</p><p>Fabric : Cotton</p><p>Care Instructions : Wash Separately</p><p>Country of Origin : India</p><p>Net Quantity : 1</p>','<p><br></p><p>ç±»åž‹ï¼šåœ†é¢†</p><p><br></p><p>é£Žæ ¼ï¼šä¼‘é—²</p><p><br></p><p>é¢æ–™ï¼šæ£‰</p><p><br></p><p>ä¿å…»è¯´æ˜Žï¼šåˆ†å¼€æ´—æ¶¤</p><p><br></p><p>åŽŸäº§åœ°ï¼šå°åº¦</p><p><br></p><p>å‡€æ•°é‡ï¼š1</p>','<ul id=\"product-details-list2\" style=\"margin-right: 0px; margin-bottom: 0px; margin-left: 0px; padding: 0px; list-style: none; color: rgb(61, 70, 77); font-family: Lato, &quot;Helvetica Neue&quot;, Helvetica, Arial, sans-serif; font-size: 14px;\"><li id=\"product-details-list-item1\" style=\"position: relative; list-style: disc; margin-left: 17px; padding: 0px 0px 0px 7px;\">Design : Printed</li><li id=\"product-details-list-item2\" style=\"position: relative; list-style: disc; margin-left: 17px; padding: 0px 0px 0px 7px;\">Sleeve Length : Half Sleeves</li><li id=\"product-details-list-item3\" style=\"position: relative; list-style: disc; margin-left: 17px; padding: 0px 0px 0px 7px;\">Fit : Regular</li><li id=\"product-details-list-item4\" style=\"position: relative; list-style: disc; margin-left: 17px; padding: 0px 0px 0px 7px;\">Model Wears : Size M,has Height 6\'0\" and Chest 38\"</li></ul>','<p>è®¾è®¡ï¼šå°åˆ·<br></p><p>è¢–é•¿ï¼šåŠè¢–</p><p>é€‚åˆï¼šå¸¸è§„</p><p>æ¨¡ç‰¹ç©¿ç€ï¼šMç ï¼Œèº«é«˜6\'0â€œï¼Œèƒ¸å›´38â€</p>','<p>Yes</p>','<p>æ˜¯<br></p>',9,1,1,1),(10,'Teal Cotton T-Shirt for Men','Pink Polyester Long Sleeve Jacket','','22',56,'product-featured-10.jpg','<p>Lorem ipsum dolor sit amet, an labores explicari qui, eu nostrum copiosae argumentum has. Latine propriae quo no, unum ridens expetenda id sit, at usu eius eligendi singulis. Sea ocurreret principes ne. At nonumy aperiri pri, nam quodsi copiosae intellegebat et, ex deserunt euripidis usu. Per ad ullum lobortis. Duo volutpat imperdiet ut, postea salutatus imperdiet ut per, ad utinam debitis invenire has.</p>\r\n\r\n<p>Liber utroque vim an, ne his brute vivendo, est fabulas consetetur appellantur an. In dolore legendos quo, ne ferri noluisse sed. Tantas eligendi at ius. Purto ipsum nemore sit ad.</p>\r\n\r\n<p>Vix tale noluisse voluptua ad, ne brute altera democritum cum. Omnes ornatus qui et, te aeterno discere ocurreret sea. Tollit cetero cu usu, etiam evertitur id nec. Id pro unum pertinax oportere, vel ad ridens mollis. Ad ius meis suavitate voluptaria.</p>\r\n\r\n<p>Mei ut errem legimus periculis, eos liber epicurei necessitatibus eu, facilisi postulant vel no. Ad mea commune disputando, cu vel choro exerci. Pri et oratio iisque atomorum, enim detracto mei ne, id eos soleat iudicabit. Ne reque reformidans mei, rebum delicata consequuntur an sit. Sea ad audire utamur. Ut mei ridens minimum intellegat, perpetua euripidis te qui, ad consul intellegebat comprehensam eum.</p>\r\n\r\n<p>Ex vix alienum sadipscing, quod melius philosophia id has. Ad qui quem reprimique, quo possit detracto reprimique no, sint reque officiis ei per. Ea regione commune volutpat pro, fabulas facilis omnesque mei ne. Cu unum detracto comprehensam sea, ad vim ancillae principes, ex usu fugit consulatu. Vis te purto equidem voluptatum.</p>\r\n','','<p>Lorem ipsum dolor sit amet, an labores explicari qui, eu nostrum copiosae argumentum has. Latine propriae quo no, unum ridens expetenda id sit, at usu eius eligendi singulis. Sea ocurreret principes ne. At nonumy aperiri pri, nam quodsi copiosae intellegebat et, ex deserunt euripidis usu. Per ad ullum lobortis.</p>\r\n','','','','','','','',10,0,1,1),(11,'Brown Twill Gabardine Casual Pant','Pink Polyester Long Sleeve Jacket','','22',34,'product-featured-11.jpg','<p>Lorem ipsum dolor sit amet, an labores explicari qui, eu nostrum copiosae argumentum has. Latine propriae quo no, unum ridens expetenda id sit, at usu eius eligendi singulis. Sea ocurreret principes ne. At nonumy aperiri pri, nam quodsi copiosae intellegebat et, ex deserunt euripidis usu. Per ad ullum lobortis. Duo volutpat imperdiet ut, postea salutatus imperdiet ut per, ad utinam debitis invenire has.</p>\r\n\r\n<p>Liber utroque vim an, ne his brute vivendo, est fabulas consetetur appellantur an. In dolore legendos quo, ne ferri noluisse sed. Tantas eligendi at ius. Purto ipsum nemore sit ad.</p>\r\n\r\n<p>Vix tale noluisse voluptua ad, ne brute altera democritum cum. Omnes ornatus qui et, te aeterno discere ocurreret sea. Tollit cetero cu usu, etiam evertitur id nec. Id pro unum pertinax oportere, vel ad ridens mollis. Ad ius meis suavitate voluptaria.</p>\r\n\r\n<p>Mei ut errem legimus periculis, eos liber epicurei necessitatibus eu, facilisi postulant vel no. Ad mea commune disputando, cu vel choro exerci. Pri et oratio iisque atomorum, enim detracto mei ne, id eos soleat iudicabit. Ne reque reformidans mei, rebum delicata consequuntur an sit. Sea ad audire utamur. Ut mei ridens minimum intellegat, perpetua euripidis te qui, ad consul intellegebat comprehensam eum.</p>\r\n\r\n<p>Ex vix alienum sadipscing, quod melius philosophia id has. Ad qui quem reprimique, quo possit detracto reprimique no, sint reque officiis ei per. Ea regione commune volutpat pro, fabulas facilis omnesque mei ne. Cu unum detracto comprehensam sea, ad vim ancillae principes, ex usu fugit consulatu. Vis te purto equidem voluptatum.</p>\r\n','','<p>Lorem ipsum dolor sit amet, an labores explicari qui, eu nostrum copiosae argumentum has. Latine propriae quo no, unum ridens expetenda id sit, at usu eius eligendi singulis. Sea ocurreret principes ne. At nonumy aperiri pri, nam quodsi copiosae intellegebat et, ex deserunt euripidis usu. Per ad ullum lobortis.</p>\r\n','','','','','','','',0,0,1,2),(12,'Black Twill Gabardine Casual Pant','Pink Polyester Long Sleeve Jacket','','20',40,'product-featured-12.jpg','<p>Lorem ipsum dolor sit amet, an labores explicari qui, eu nostrum copiosae argumentum has. Latine propriae quo no, unum ridens expetenda id sit, at usu eius eligendi singulis. Sea ocurreret principes ne. At nonumy aperiri pri, nam quodsi copiosae intellegebat et, ex deserunt euripidis usu. Per ad ullum lobortis. Duo volutpat imperdiet ut, postea salutatus imperdiet ut per, ad utinam debitis invenire has.</p>\r\n\r\n<p>Liber utroque vim an, ne his brute vivendo, est fabulas consetetur appellantur an. In dolore legendos quo, ne ferri noluisse sed. Tantas eligendi at ius. Purto ipsum nemore sit ad.</p>\r\n\r\n<p>Vix tale noluisse voluptua ad, ne brute altera democritum cum. Omnes ornatus qui et, te aeterno discere ocurreret sea. Tollit cetero cu usu, etiam evertitur id nec. Id pro unum pertinax oportere, vel ad ridens mollis. Ad ius meis suavitate voluptaria.</p>\r\n\r\n<p>Mei ut errem legimus periculis, eos liber epicurei necessitatibus eu, facilisi postulant vel no. Ad mea commune disputando, cu vel choro exerci. Pri et oratio iisque atomorum, enim detracto mei ne, id eos soleat iudicabit. Ne reque reformidans mei, rebum delicata consequuntur an sit. Sea ad audire utamur. Ut mei ridens minimum intellegat, perpetua euripidis te qui, ad consul intellegebat comprehensam eum.</p>\r\n\r\n<p>Ex vix alienum sadipscing, quod melius philosophia id has. Ad qui quem reprimique, quo possit detracto reprimique no, sint reque officiis ei per. Ea regione commune volutpat pro, fabulas facilis omnesque mei ne. Cu unum detracto comprehensam sea, ad vim ancillae principes, ex usu fugit consulatu. Vis te purto equidem voluptatum.</p>\r\n','','<p>Lorem ipsum dolor sit amet, an labores explicari qui, eu nostrum copiosae argumentum has. Latine propriae quo no, unum ridens expetenda id sit, at usu eius eligendi singulis. Sea ocurreret principes ne. At nonumy aperiri pri, nam quodsi copiosae intellegebat et, ex deserunt euripidis usu. Per ad ullum lobortis.</p>\r\n','','','','','','','',0,0,1,2),(13,'Tan Denim Chino Pant For Men','Pink Polyester Long Sleeve Jacket','','20',43,'product-featured-13.jpg','<p>Lorem ipsum dolor sit amet, an labores explicari qui, eu nostrum copiosae argumentum has. Latine propriae quo no, unum ridens expetenda id sit, at usu eius eligendi singulis. Sea ocurreret principes ne. At nonumy aperiri pri, nam quodsi copiosae intellegebat et, ex deserunt euripidis usu. Per ad ullum lobortis. Duo volutpat imperdiet ut, postea salutatus imperdiet ut per, ad utinam debitis invenire has.</p>\r\n\r\n<p>Liber utroque vim an, ne his brute vivendo, est fabulas consetetur appellantur an. In dolore legendos quo, ne ferri noluisse sed. Tantas eligendi at ius. Purto ipsum nemore sit ad.</p>\r\n\r\n<p>Vix tale noluisse voluptua ad, ne brute altera democritum cum. Omnes ornatus qui et, te aeterno discere ocurreret sea. Tollit cetero cu usu, etiam evertitur id nec. Id pro unum pertinax oportere, vel ad ridens mollis. Ad ius meis suavitate voluptaria.</p>\r\n\r\n<p>Mei ut errem legimus periculis, eos liber epicurei necessitatibus eu, facilisi postulant vel no. Ad mea commune disputando, cu vel choro exerci. Pri et oratio iisque atomorum, enim detracto mei ne, id eos soleat iudicabit. Ne reque reformidans mei, rebum delicata consequuntur an sit. Sea ad audire utamur. Ut mei ridens minimum intellegat, perpetua euripidis te qui, ad consul intellegebat comprehensam eum.</p>\r\n\r\n<p>Ex vix alienum sadipscing, quod melius philosophia id has. Ad qui quem reprimique, quo possit detracto reprimique no, sint reque officiis ei per. Ea regione commune volutpat pro, fabulas facilis omnesque mei ne. Cu unum detracto comprehensam sea, ad vim ancillae principes, ex usu fugit consulatu. Vis te purto equidem voluptatum.</p>\r\n','','<p>Lorem ipsum dolor sit amet, an labores explicari qui, eu nostrum copiosae argumentum has. Latine propriae quo no, unum ridens expetenda id sit, at usu eius eligendi singulis. Sea ocurreret principes ne. At nonumy aperiri pri, nam quodsi copiosae intellegebat et, ex deserunt euripidis usu. Per ad ullum lobortis.</p>\r\n','','','','','','','',3,0,1,2),(14,'Blue Denim Chino Pant For Men','Pink Polyester Long Sleeve Jacket','','30',46,'product-featured-14.jpg','<p>Lorem ipsum dolor sit amet, an labores explicari qui, eu nostrum copiosae argumentum has. Latine propriae quo no, unum ridens expetenda id sit, at usu eius eligendi singulis. Sea ocurreret principes ne. At nonumy aperiri pri, nam quodsi copiosae intellegebat et, ex deserunt euripidis usu. Per ad ullum lobortis. Duo volutpat imperdiet ut, postea salutatus imperdiet ut per, ad utinam debitis invenire has.</p>\r\n\r\n<p>Liber utroque vim an, ne his brute vivendo, est fabulas consetetur appellantur an. In dolore legendos quo, ne ferri noluisse sed. Tantas eligendi at ius. Purto ipsum nemore sit ad.</p>\r\n\r\n<p>Vix tale noluisse voluptua ad, ne brute altera democritum cum. Omnes ornatus qui et, te aeterno discere ocurreret sea. Tollit cetero cu usu, etiam evertitur id nec. Id pro unum pertinax oportere, vel ad ridens mollis. Ad ius meis suavitate voluptaria.</p>\r\n\r\n<p>Mei ut errem legimus periculis, eos liber epicurei necessitatibus eu, facilisi postulant vel no. Ad mea commune disputando, cu vel choro exerci. Pri et oratio iisque atomorum, enim detracto mei ne, id eos soleat iudicabit. Ne reque reformidans mei, rebum delicata consequuntur an sit. Sea ad audire utamur. Ut mei ridens minimum intellegat, perpetua euripidis te qui, ad consul intellegebat comprehensam eum.</p>\r\n\r\n<p>Ex vix alienum sadipscing, quod melius philosophia id has. Ad qui quem reprimique, quo possit detracto reprimique no, sint reque officiis ei per. Ea regione commune volutpat pro, fabulas facilis omnesque mei ne. Cu unum detracto comprehensam sea, ad vim ancillae principes, ex usu fugit consulatu. Vis te purto equidem voluptatum.</p>\r\n','','<p>Lorem ipsum dolor sit amet, an labores explicari qui, eu nostrum copiosae argumentum has. Latine propriae quo no, unum ridens expetenda id sit, at usu eius eligendi singulis. Sea ocurreret principes ne. At nonumy aperiri pri, nam quodsi copiosae intellegebat et, ex deserunt euripidis usu. Per ad ullum lobortis.</p>\r\n','','','','','','','',0,0,1,2),(15,'Cotton Double Stripe Jogger','Pink Polyester Long Sleeve Jacket','','32',44,'product-featured-15.jpg','<p>Lorem ipsum dolor sit amet, an labores explicari qui, eu nostrum copiosae argumentum has. Latine propriae quo no, unum ridens expetenda id sit, at usu eius eligendi singulis. Sea ocurreret principes ne. At nonumy aperiri pri, nam quodsi copiosae intellegebat et, ex deserunt euripidis usu. Per ad ullum lobortis. Duo volutpat imperdiet ut, postea salutatus imperdiet ut per, ad utinam debitis invenire has.</p>\r\n\r\n<p>Liber utroque vim an, ne his brute vivendo, est fabulas consetetur appellantur an. In dolore legendos quo, ne ferri noluisse sed. Tantas eligendi at ius. Purto ipsum nemore sit ad.</p>\r\n\r\n<p>Vix tale noluisse voluptua ad, ne brute altera democritum cum. Omnes ornatus qui et, te aeterno discere ocurreret sea. Tollit cetero cu usu, etiam evertitur id nec. Id pro unum pertinax oportere, vel ad ridens mollis. Ad ius meis suavitate voluptaria.</p>\r\n\r\n<p>Mei ut errem legimus periculis, eos liber epicurei necessitatibus eu, facilisi postulant vel no. Ad mea commune disputando, cu vel choro exerci. Pri et oratio iisque atomorum, enim detracto mei ne, id eos soleat iudicabit. Ne reque reformidans mei, rebum delicata consequuntur an sit. Sea ad audire utamur. Ut mei ridens minimum intellegat, perpetua euripidis te qui, ad consul intellegebat comprehensam eum.</p>\r\n\r\n<p>Ex vix alienum sadipscing, quod melius philosophia id has. Ad qui quem reprimique, quo possit detracto reprimique no, sint reque officiis ei per. Ea regione commune volutpat pro, fabulas facilis omnesque mei ne. Cu unum detracto comprehensam sea, ad vim ancillae principes, ex usu fugit consulatu. Vis te purto equidem voluptatum.</p>\r\n','','<p>Lorem ipsum dolor sit amet, an labores explicari qui, eu nostrum copiosae argumentum has. Latine propriae quo no, unum ridens expetenda id sit, at usu eius eligendi singulis. Sea ocurreret principes ne. At nonumy aperiri pri, nam quodsi copiosae intellegebat et, ex deserunt euripidis usu. Per ad ullum lobortis.</p>\r\n','','','','','','','',3,0,1,2),(16,'Apex Leather Casual Sandal','Pink Polyester Long Sleeve Jacket','','12',20,'product-featured-16.jpg','<p>Lorem ipsum dolor sit amet, an labores explicari qui, eu nostrum copiosae argumentum has. Latine propriae quo no, unum ridens expetenda id sit, at usu eius eligendi singulis. Sea ocurreret principes ne. At nonumy aperiri pri, nam quodsi copiosae intellegebat et, ex deserunt euripidis usu. Per ad ullum lobortis. Duo volutpat imperdiet ut, postea salutatus imperdiet ut per, ad utinam debitis invenire has.</p>\r\n\r\n<p>Liber utroque vim an, ne his brute vivendo, est fabulas consetetur appellantur an. In dolore legendos quo, ne ferri noluisse sed. Tantas eligendi at ius. Purto ipsum nemore sit ad.</p>\r\n\r\n<p>Vix tale noluisse voluptua ad, ne brute altera democritum cum. Omnes ornatus qui et, te aeterno discere ocurreret sea. Tollit cetero cu usu, etiam evertitur id nec. Id pro unum pertinax oportere, vel ad ridens mollis. Ad ius meis suavitate voluptaria.</p>\r\n\r\n<p>Mei ut errem legimus periculis, eos liber epicurei necessitatibus eu, facilisi postulant vel no. Ad mea commune disputando, cu vel choro exerci. Pri et oratio iisque atomorum, enim detracto mei ne, id eos soleat iudicabit. Ne reque reformidans mei, rebum delicata consequuntur an sit. Sea ad audire utamur. Ut mei ridens minimum intellegat, perpetua euripidis te qui, ad consul intellegebat comprehensam eum.</p>\r\n\r\n<p>Ex vix alienum sadipscing, quod melius philosophia id has. Ad qui quem reprimique, quo possit detracto reprimique no, sint reque officiis ei per. Ea regione commune volutpat pro, fabulas facilis omnesque mei ne. Cu unum detracto comprehensam sea, ad vim ancillae principes, ex usu fugit consulatu. Vis te purto equidem voluptatum.</p>\r\n','','<p>Lorem ipsum dolor sit amet, an labores explicari qui, eu nostrum copiosae argumentum has. Latine propriae quo no, unum ridens expetenda id sit, at usu eius eligendi singulis. Sea ocurreret principes ne. At nonumy aperiri pri, nam quodsi copiosae intellegebat et, ex deserunt euripidis usu. Per ad ullum lobortis.</p>\r\n','','','','','','','',0,0,1,4),(17,'Bata Pata Pata Blue Eva Flip Flop','Pink Polyester Long Sleeve Jacket','','16',33,'product-featured-17.jpg','<p>Lorem ipsum dolor sit amet, an labores explicari qui, eu nostrum copiosae argumentum has. Latine propriae quo no, unum ridens expetenda id sit, at usu eius eligendi singulis. Sea ocurreret principes ne. At nonumy aperiri pri, nam quodsi copiosae intellegebat et, ex deserunt euripidis usu. Per ad ullum lobortis. Duo volutpat imperdiet ut, postea salutatus imperdiet ut per, ad utinam debitis invenire has.</p>\r\n\r\n<p>Liber utroque vim an, ne his brute vivendo, est fabulas consetetur appellantur an. In dolore legendos quo, ne ferri noluisse sed. Tantas eligendi at ius. Purto ipsum nemore sit ad.</p>\r\n\r\n<p>Vix tale noluisse voluptua ad, ne brute altera democritum cum. Omnes ornatus qui et, te aeterno discere ocurreret sea. Tollit cetero cu usu, etiam evertitur id nec. Id pro unum pertinax oportere, vel ad ridens mollis. Ad ius meis suavitate voluptaria.</p>\r\n\r\n<p>Mei ut errem legimus periculis, eos liber epicurei necessitatibus eu, facilisi postulant vel no. Ad mea commune disputando, cu vel choro exerci. Pri et oratio iisque atomorum, enim detracto mei ne, id eos soleat iudicabit. Ne reque reformidans mei, rebum delicata consequuntur an sit. Sea ad audire utamur. Ut mei ridens minimum intellegat, perpetua euripidis te qui, ad consul intellegebat comprehensam eum.</p>\r\n\r\n<p>Ex vix alienum sadipscing, quod melius philosophia id has. Ad qui quem reprimique, quo possit detracto reprimique no, sint reque officiis ei per. Ea regione commune volutpat pro, fabulas facilis omnesque mei ne. Cu unum detracto comprehensam sea, ad vim ancillae principes, ex usu fugit consulatu. Vis te purto equidem voluptatum.</p>\r\n','','<p>Lorem ipsum dolor sit amet, an labores explicari qui, eu nostrum copiosae argumentum has. Latine propriae quo no, unum ridens expetenda id sit, at usu eius eligendi singulis. Sea ocurreret principes ne. At nonumy aperiri pri, nam quodsi copiosae intellegebat et, ex deserunt euripidis usu. Per ad ullum lobortis.</p>\r\n','','','','','','','',1,0,1,4),(18,'Apex Venturini Black Leather Sandal','Pink Polyester Long Sleeve Jacket','','14',44,'product-featured-18.jpg','<p>Lorem ipsum dolor sit amet, an labores explicari qui, eu nostrum copiosae argumentum has. Latine propriae quo no, unum ridens expetenda id sit, at usu eius eligendi singulis. Sea ocurreret principes ne. At nonumy aperiri pri, nam quodsi copiosae intellegebat et, ex deserunt euripidis usu. Per ad ullum lobortis. Duo volutpat imperdiet ut, postea salutatus imperdiet ut per, ad utinam debitis invenire has.</p>\r\n\r\n<p>Liber utroque vim an, ne his brute vivendo, est fabulas consetetur appellantur an. In dolore legendos quo, ne ferri noluisse sed. Tantas eligendi at ius. Purto ipsum nemore sit ad.</p>\r\n\r\n<p>Vix tale noluisse voluptua ad, ne brute altera democritum cum. Omnes ornatus qui et, te aeterno discere ocurreret sea. Tollit cetero cu usu, etiam evertitur id nec. Id pro unum pertinax oportere, vel ad ridens mollis. Ad ius meis suavitate voluptaria.</p>\r\n\r\n<p>Mei ut errem legimus periculis, eos liber epicurei necessitatibus eu, facilisi postulant vel no. Ad mea commune disputando, cu vel choro exerci. Pri et oratio iisque atomorum, enim detracto mei ne, id eos soleat iudicabit. Ne reque reformidans mei, rebum delicata consequuntur an sit. Sea ad audire utamur. Ut mei ridens minimum intellegat, perpetua euripidis te qui, ad consul intellegebat comprehensam eum.</p>\r\n\r\n<p>Ex vix alienum sadipscing, quod melius philosophia id has. Ad qui quem reprimique, quo possit detracto reprimique no, sint reque officiis ei per. Ea regione commune volutpat pro, fabulas facilis omnesque mei ne. Cu unum detracto comprehensam sea, ad vim ancillae principes, ex usu fugit consulatu. Vis te purto equidem voluptatum.</p>\r\n','','<p>Lorem ipsum dolor sit amet, an labores explicari qui, eu nostrum copiosae argumentum has. Latine propriae quo no, unum ridens expetenda id sit, at usu eius eligendi singulis. Sea ocurreret principes ne. At nonumy aperiri pri, nam quodsi copiosae intellegebat et, ex deserunt euripidis usu. Per ad ullum lobortis.</p>\r\n','','','','','','','',0,0,1,4),(19,'Lotto PVC Sandal - Navy Blue','Pink Polyester Long Sleeve Jacket','','11',34,'product-featured-19.jpg','<p>Lorem ipsum dolor sit amet, an labores explicari qui, eu nostrum copiosae argumentum has. Latine propriae quo no, unum ridens expetenda id sit, at usu eius eligendi singulis. Sea ocurreret principes ne. At nonumy aperiri pri, nam quodsi copiosae intellegebat et, ex deserunt euripidis usu. Per ad ullum lobortis. Duo volutpat imperdiet ut, postea salutatus imperdiet ut per, ad utinam debitis invenire has.</p>\r\n\r\n<p>Liber utroque vim an, ne his brute vivendo, est fabulas consetetur appellantur an. In dolore legendos quo, ne ferri noluisse sed. Tantas eligendi at ius. Purto ipsum nemore sit ad.</p>\r\n\r\n<p>Vix tale noluisse voluptua ad, ne brute altera democritum cum. Omnes ornatus qui et, te aeterno discere ocurreret sea. Tollit cetero cu usu, etiam evertitur id nec. Id pro unum pertinax oportere, vel ad ridens mollis. Ad ius meis suavitate voluptaria.</p>\r\n\r\n<p>Mei ut errem legimus periculis, eos liber epicurei necessitatibus eu, facilisi postulant vel no. Ad mea commune disputando, cu vel choro exerci. Pri et oratio iisque atomorum, enim detracto mei ne, id eos soleat iudicabit. Ne reque reformidans mei, rebum delicata consequuntur an sit. Sea ad audire utamur. Ut mei ridens minimum intellegat, perpetua euripidis te qui, ad consul intellegebat comprehensam eum.</p>\r\n\r\n<p>Ex vix alienum sadipscing, quod melius philosophia id has. Ad qui quem reprimique, quo possit detracto reprimique no, sint reque officiis ei per. Ea regione commune volutpat pro, fabulas facilis omnesque mei ne. Cu unum detracto comprehensam sea, ad vim ancillae principes, ex usu fugit consulatu. Vis te purto equidem voluptatum.</p>\r\n','','<p>Lorem ipsum dolor sit amet, an labores explicari qui, eu nostrum copiosae argumentum has. Latine propriae quo no, unum ridens expetenda id sit, at usu eius eligendi singulis. Sea ocurreret principes ne. At nonumy aperiri pri, nam quodsi copiosae intellegebat et, ex deserunt euripidis usu. Per ad ullum lobortis.</p>\r\n','','','','','','','',0,0,1,4),(20,'B & W Chocolate Leather Sandal','Pink Polyester Long Sleeve Jacket','','11',34,'product-featured-20.jpg','<p>Lorem ipsum dolor sit amet, an labores explicari qui, eu nostrum copiosae argumentum has. Latine propriae quo no, unum ridens expetenda id sit, at usu eius eligendi singulis. Sea ocurreret principes ne. At nonumy aperiri pri, nam quodsi copiosae intellegebat et, ex deserunt euripidis usu. Per ad ullum lobortis. Duo volutpat imperdiet ut, postea salutatus imperdiet ut per, ad utinam debitis invenire has.</p>\r\n\r\n<p>Liber utroque vim an, ne his brute vivendo, est fabulas consetetur appellantur an. In dolore legendos quo, ne ferri noluisse sed. Tantas eligendi at ius. Purto ipsum nemore sit ad.</p>\r\n\r\n<p>Vix tale noluisse voluptua ad, ne brute altera democritum cum. Omnes ornatus qui et, te aeterno discere ocurreret sea. Tollit cetero cu usu, etiam evertitur id nec. Id pro unum pertinax oportere, vel ad ridens mollis. Ad ius meis suavitate voluptaria.</p>\r\n\r\n<p>Mei ut errem legimus periculis, eos liber epicurei necessitatibus eu, facilisi postulant vel no. Ad mea commune disputando, cu vel choro exerci. Pri et oratio iisque atomorum, enim detracto mei ne, id eos soleat iudicabit. Ne reque reformidans mei, rebum delicata consequuntur an sit. Sea ad audire utamur. Ut mei ridens minimum intellegat, perpetua euripidis te qui, ad consul intellegebat comprehensam eum.</p>\r\n\r\n<p>Ex vix alienum sadipscing, quod melius philosophia id has. Ad qui quem reprimique, quo possit detracto reprimique no, sint reque officiis ei per. Ea regione commune volutpat pro, fabulas facilis omnesque mei ne. Cu unum detracto comprehensam sea, ad vim ancillae principes, ex usu fugit consulatu. Vis te purto equidem voluptatum.</p>\r\n','','<p>Lorem ipsum dolor sit amet, an labores explicari qui, eu nostrum copiosae argumentum has. Latine propriae quo no, unum ridens expetenda id sit, at usu eius eligendi singulis. Sea ocurreret principes ne. At nonumy aperiri pri, nam quodsi copiosae intellegebat et, ex deserunt euripidis usu. Per ad ullum lobortis.</p>\r\n','','','','','','','',0,0,1,4),(21,'Sky Sea Brown Leather Casual Boot','Pink Polyester Long Sleeve Jacket','','12',33,'product-featured-21.jpg','<p>Lorem ipsum dolor sit amet, an labores explicari qui, eu nostrum copiosae argumentum has. Latine propriae quo no, unum ridens expetenda id sit, at usu eius eligendi singulis. Sea ocurreret principes ne. At nonumy aperiri pri, nam quodsi copiosae intellegebat et, ex deserunt euripidis usu. Per ad ullum lobortis. Duo volutpat imperdiet ut, postea salutatus imperdiet ut per, ad utinam debitis invenire has.</p>\r\n\r\n<p>Liber utroque vim an, ne his brute vivendo, est fabulas consetetur appellantur an. In dolore legendos quo, ne ferri noluisse sed. Tantas eligendi at ius. Purto ipsum nemore sit ad.</p>\r\n\r\n<p>Vix tale noluisse voluptua ad, ne brute altera democritum cum. Omnes ornatus qui et, te aeterno discere ocurreret sea. Tollit cetero cu usu, etiam evertitur id nec. Id pro unum pertinax oportere, vel ad ridens mollis. Ad ius meis suavitate voluptaria.</p>\r\n\r\n<p>Mei ut errem legimus periculis, eos liber epicurei necessitatibus eu, facilisi postulant vel no. Ad mea commune disputando, cu vel choro exerci. Pri et oratio iisque atomorum, enim detracto mei ne, id eos soleat iudicabit. Ne reque reformidans mei, rebum delicata consequuntur an sit. Sea ad audire utamur. Ut mei ridens minimum intellegat, perpetua euripidis te qui, ad consul intellegebat comprehensam eum.</p>\r\n\r\n<p>Ex vix alienum sadipscing, quod melius philosophia id has. Ad qui quem reprimique, quo possit detracto reprimique no, sint reque officiis ei per. Ea regione commune volutpat pro, fabulas facilis omnesque mei ne. Cu unum detracto comprehensam sea, ad vim ancillae principes, ex usu fugit consulatu. Vis te purto equidem voluptatum.</p>\r\n','','<p>Lorem ipsum dolor sit amet, an labores explicari qui, eu nostrum copiosae argumentum has. Latine propriae quo no, unum ridens expetenda id sit, at usu eius eligendi singulis. Sea ocurreret principes ne. At nonumy aperiri pri, nam quodsi copiosae intellegebat et, ex deserunt euripidis usu. Per ad ullum lobortis.</p>\r\n','','','','','','','',1,0,1,5),(22,'Sky Sea Coffee Leather Boot ','Pink Polyester Long Sleeve Jacket','','18',55,'product-featured-22.jpg','<p>Lorem ipsum dolor sit amet, an labores explicari qui, eu nostrum copiosae argumentum has. Latine propriae quo no, unum ridens expetenda id sit, at usu eius eligendi singulis. Sea ocurreret principes ne. At nonumy aperiri pri, nam quodsi copiosae intellegebat et, ex deserunt euripidis usu. Per ad ullum lobortis. Duo volutpat imperdiet ut, postea salutatus imperdiet ut per, ad utinam debitis invenire has.</p>\r\n\r\n<p>Liber utroque vim an, ne his brute vivendo, est fabulas consetetur appellantur an. In dolore legendos quo, ne ferri noluisse sed. Tantas eligendi at ius. Purto ipsum nemore sit ad.</p>\r\n\r\n<p>Vix tale noluisse voluptua ad, ne brute altera democritum cum. Omnes ornatus qui et, te aeterno discere ocurreret sea. Tollit cetero cu usu, etiam evertitur id nec. Id pro unum pertinax oportere, vel ad ridens mollis. Ad ius meis suavitate voluptaria.</p>\r\n\r\n<p>Mei ut errem legimus periculis, eos liber epicurei necessitatibus eu, facilisi postulant vel no. Ad mea commune disputando, cu vel choro exerci. Pri et oratio iisque atomorum, enim detracto mei ne, id eos soleat iudicabit. Ne reque reformidans mei, rebum delicata consequuntur an sit. Sea ad audire utamur. Ut mei ridens minimum intellegat, perpetua euripidis te qui, ad consul intellegebat comprehensam eum.</p>\r\n\r\n<p>Ex vix alienum sadipscing, quod melius philosophia id has. Ad qui quem reprimique, quo possit detracto reprimique no, sint reque officiis ei per. Ea regione commune volutpat pro, fabulas facilis omnesque mei ne. Cu unum detracto comprehensam sea, ad vim ancillae principes, ex usu fugit consulatu. Vis te purto equidem voluptatum.</p>\r\n','','<p>Lorem ipsum dolor sit amet, an labores explicari qui, eu nostrum copiosae argumentum has. Latine propriae quo no, unum ridens expetenda id sit, at usu eius eligendi singulis. Sea ocurreret principes ne. At nonumy aperiri pri, nam quodsi copiosae intellegebat et, ex deserunt euripidis usu. Per ad ullum lobortis.</p>\r\n','','','','','','','',0,0,1,5),(23,'Sky Sea Black Leather Boot','Pink Polyester Long Sleeve Jacket','','12',33,'product-featured-23.jpg','<p>Lorem ipsum dolor sit amet, an labores explicari qui, eu nostrum copiosae argumentum has. Latine propriae quo no, unum ridens expetenda id sit, at usu eius eligendi singulis. Sea ocurreret principes ne. At nonumy aperiri pri, nam quodsi copiosae intellegebat et, ex deserunt euripidis usu. Per ad ullum lobortis. Duo volutpat imperdiet ut, postea salutatus imperdiet ut per, ad utinam debitis invenire has.</p>\r\n\r\n<p>Liber utroque vim an, ne his brute vivendo, est fabulas consetetur appellantur an. In dolore legendos quo, ne ferri noluisse sed. Tantas eligendi at ius. Purto ipsum nemore sit ad.</p>\r\n\r\n<p>Vix tale noluisse voluptua ad, ne brute altera democritum cum. Omnes ornatus qui et, te aeterno discere ocurreret sea. Tollit cetero cu usu, etiam evertitur id nec. Id pro unum pertinax oportere, vel ad ridens mollis. Ad ius meis suavitate voluptaria.</p>\r\n\r\n<p>Mei ut errem legimus periculis, eos liber epicurei necessitatibus eu, facilisi postulant vel no. Ad mea commune disputando, cu vel choro exerci. Pri et oratio iisque atomorum, enim detracto mei ne, id eos soleat iudicabit. Ne reque reformidans mei, rebum delicata consequuntur an sit. Sea ad audire utamur. Ut mei ridens minimum intellegat, perpetua euripidis te qui, ad consul intellegebat comprehensam eum.</p>\r\n\r\n<p>Ex vix alienum sadipscing, quod melius philosophia id has. Ad qui quem reprimique, quo possit detracto reprimique no, sint reque officiis ei per. Ea regione commune volutpat pro, fabulas facilis omnesque mei ne. Cu unum detracto comprehensam sea, ad vim ancillae principes, ex usu fugit consulatu. Vis te purto equidem voluptatum.</p>\r\n','','<p>Lorem ipsum dolor sit amet, an labores explicari qui, eu nostrum copiosae argumentum has. Latine propriae quo no, unum ridens expetenda id sit, at usu eius eligendi singulis. Sea ocurreret principes ne. At nonumy aperiri pri, nam quodsi copiosae intellegebat et, ex deserunt euripidis usu. Per ad ullum lobortis.</p>\r\n','','','','','','','',0,0,1,5),(24,'Sky Sea Chocolate Leather Boot','Pink Polyester Long Sleeve Jacket','','12',34,'product-featured-24.jpg','<p>Lorem ipsum dolor sit amet, an labores explicari qui, eu nostrum copiosae argumentum has. Latine propriae quo no, unum ridens expetenda id sit, at usu eius eligendi singulis. Sea ocurreret principes ne. At nonumy aperiri pri, nam quodsi copiosae intellegebat et, ex deserunt euripidis usu. Per ad ullum lobortis. Duo volutpat imperdiet ut, postea salutatus imperdiet ut per, ad utinam debitis invenire has.</p>\r\n\r\n<p>Liber utroque vim an, ne his brute vivendo, est fabulas consetetur appellantur an. In dolore legendos quo, ne ferri noluisse sed. Tantas eligendi at ius. Purto ipsum nemore sit ad.</p>\r\n\r\n<p>Vix tale noluisse voluptua ad, ne brute altera democritum cum. Omnes ornatus qui et, te aeterno discere ocurreret sea. Tollit cetero cu usu, etiam evertitur id nec. Id pro unum pertinax oportere, vel ad ridens mollis. Ad ius meis suavitate voluptaria.</p>\r\n\r\n<p>Mei ut errem legimus periculis, eos liber epicurei necessitatibus eu, facilisi postulant vel no. Ad mea commune disputando, cu vel choro exerci. Pri et oratio iisque atomorum, enim detracto mei ne, id eos soleat iudicabit. Ne reque reformidans mei, rebum delicata consequuntur an sit. Sea ad audire utamur. Ut mei ridens minimum intellegat, perpetua euripidis te qui, ad consul intellegebat comprehensam eum.</p>\r\n\r\n<p>Ex vix alienum sadipscing, quod melius philosophia id has. Ad qui quem reprimique, quo possit detracto reprimique no, sint reque officiis ei per. Ea regione commune volutpat pro, fabulas facilis omnesque mei ne. Cu unum detracto comprehensam sea, ad vim ancillae principes, ex usu fugit consulatu. Vis te purto equidem voluptatum.</p>\r\n','','<p>Lorem ipsum dolor sit amet, an labores explicari qui, eu nostrum copiosae argumentum has. Latine propriae quo no, unum ridens expetenda id sit, at usu eius eligendi singulis. Sea ocurreret principes ne. At nonumy aperiri pri, nam quodsi copiosae intellegebat et, ex deserunt euripidis usu. Per ad ullum lobortis.</p>\r\n','','','','','','','',0,0,1,5),(25,'Sky Sea Gray Teal Fabric Sports Shoes','Pink Polyester Long Sleeve Jacket','','35',35,'product-featured-25.jpg','<p>Lorem ipsum dolor sit amet, an labores explicari qui, eu nostrum copiosae argumentum has. Latine propriae quo no, unum ridens expetenda id sit, at usu eius eligendi singulis. Sea ocurreret principes ne. At nonumy aperiri pri, nam quodsi copiosae intellegebat et, ex deserunt euripidis usu. Per ad ullum lobortis. Duo volutpat imperdiet ut, postea salutatus imperdiet ut per, ad utinam debitis invenire has.</p>\r\n\r\n<p>Liber utroque vim an, ne his brute vivendo, est fabulas consetetur appellantur an. In dolore legendos quo, ne ferri noluisse sed. Tantas eligendi at ius. Purto ipsum nemore sit ad.</p>\r\n\r\n<p>Vix tale noluisse voluptua ad, ne brute altera democritum cum. Omnes ornatus qui et, te aeterno discere ocurreret sea. Tollit cetero cu usu, etiam evertitur id nec. Id pro unum pertinax oportere, vel ad ridens mollis. Ad ius meis suavitate voluptaria.</p>\r\n\r\n<p>Mei ut errem legimus periculis, eos liber epicurei necessitatibus eu, facilisi postulant vel no. Ad mea commune disputando, cu vel choro exerci. Pri et oratio iisque atomorum, enim detracto mei ne, id eos soleat iudicabit. Ne reque reformidans mei, rebum delicata consequuntur an sit. Sea ad audire utamur. Ut mei ridens minimum intellegat, perpetua euripidis te qui, ad consul intellegebat comprehensam eum.</p>\r\n\r\n<p>Ex vix alienum sadipscing, quod melius philosophia id has. Ad qui quem reprimique, quo possit detracto reprimique no, sint reque officiis ei per. Ea regione commune volutpat pro, fabulas facilis omnesque mei ne. Cu unum detracto comprehensam sea, ad vim ancillae principes, ex usu fugit consulatu. Vis te purto equidem voluptatum.</p>\r\n','','<p>Lorem ipsum dolor sit amet, an labores explicari qui, eu nostrum copiosae argumentum has. Latine propriae quo no, unum ridens expetenda id sit, at usu eius eligendi singulis. Sea ocurreret principes ne. At nonumy aperiri pri, nam quodsi copiosae intellegebat et, ex deserunt euripidis usu. Per ad ullum lobortis.</p>\r\n','','','','','','','',3,0,1,11),(26,'Sky Sea Light Gray and White Fabric Sports Shoes','Pink Polyester Long Sleeve Jacket','','33',33,'product-featured-26.jpg','<p>Lorem ipsum dolor sit amet, an labores explicari qui, eu nostrum copiosae argumentum has. Latine propriae quo no, unum ridens expetenda id sit, at usu eius eligendi singulis. Sea ocurreret principes ne. At nonumy aperiri pri, nam quodsi copiosae intellegebat et, ex deserunt euripidis usu. Per ad ullum lobortis. Duo volutpat imperdiet ut, postea salutatus imperdiet ut per, ad utinam debitis invenire has.</p>\r\n\r\n<p>Liber utroque vim an, ne his brute vivendo, est fabulas consetetur appellantur an. In dolore legendos quo, ne ferri noluisse sed. Tantas eligendi at ius. Purto ipsum nemore sit ad.</p>\r\n\r\n<p>Vix tale noluisse voluptua ad, ne brute altera democritum cum. Omnes ornatus qui et, te aeterno discere ocurreret sea. Tollit cetero cu usu, etiam evertitur id nec. Id pro unum pertinax oportere, vel ad ridens mollis. Ad ius meis suavitate voluptaria.</p>\r\n\r\n<p>Mei ut errem legimus periculis, eos liber epicurei necessitatibus eu, facilisi postulant vel no. Ad mea commune disputando, cu vel choro exerci. Pri et oratio iisque atomorum, enim detracto mei ne, id eos soleat iudicabit. Ne reque reformidans mei, rebum delicata consequuntur an sit. Sea ad audire utamur. Ut mei ridens minimum intellegat, perpetua euripidis te qui, ad consul intellegebat comprehensam eum.</p>\r\n\r\n<p>Ex vix alienum sadipscing, quod melius philosophia id has. Ad qui quem reprimique, quo possit detracto reprimique no, sint reque officiis ei per. Ea regione commune volutpat pro, fabulas facilis omnesque mei ne. Cu unum detracto comprehensam sea, ad vim ancillae principes, ex usu fugit consulatu. Vis te purto equidem voluptatum.</p>\r\n','','<p>Lorem ipsum dolor sit amet, an labores explicari qui, eu nostrum copiosae argumentum has. Latine propriae quo no, unum ridens expetenda id sit, at usu eius eligendi singulis. Sea ocurreret principes ne. At nonumy aperiri pri, nam quodsi copiosae intellegebat et, ex deserunt euripidis usu. Per ad ullum lobortis.</p>\r\n','','','','','','','',0,0,1,11),(27,'Sky Sea Gray and Black Fabric Sports Shoes','Pink Polyester Long Sleeve Jacket','','28',28,'product-featured-27.jpg','<p>Lorem ipsum dolor sit amet, an labores explicari qui, eu nostrum copiosae argumentum has. Latine propriae quo no, unum ridens expetenda id sit, at usu eius eligendi singulis. Sea ocurreret principes ne. At nonumy aperiri pri, nam quodsi copiosae intellegebat et, ex deserunt euripidis usu. Per ad ullum lobortis. Duo volutpat imperdiet ut, postea salutatus imperdiet ut per, ad utinam debitis invenire has.</p>\r\n\r\n<p>Liber utroque vim an, ne his brute vivendo, est fabulas consetetur appellantur an. In dolore legendos quo, ne ferri noluisse sed. Tantas eligendi at ius. Purto ipsum nemore sit ad.</p>\r\n\r\n<p>Vix tale noluisse voluptua ad, ne brute altera democritum cum. Omnes ornatus qui et, te aeterno discere ocurreret sea. Tollit cetero cu usu, etiam evertitur id nec. Id pro unum pertinax oportere, vel ad ridens mollis. Ad ius meis suavitate voluptaria.</p>\r\n\r\n<p>Mei ut errem legimus periculis, eos liber epicurei necessitatibus eu, facilisi postulant vel no. Ad mea commune disputando, cu vel choro exerci. Pri et oratio iisque atomorum, enim detracto mei ne, id eos soleat iudicabit. Ne reque reformidans mei, rebum delicata consequuntur an sit. Sea ad audire utamur. Ut mei ridens minimum intellegat, perpetua euripidis te qui, ad consul intellegebat comprehensam eum.</p>\r\n\r\n<p>Ex vix alienum sadipscing, quod melius philosophia id has. Ad qui quem reprimique, quo possit detracto reprimique no, sint reque officiis ei per. Ea regione commune volutpat pro, fabulas facilis omnesque mei ne. Cu unum detracto comprehensam sea, ad vim ancillae principes, ex usu fugit consulatu. Vis te purto equidem voluptatum.</p>\r\n','','<p>Lorem ipsum dolor sit amet, an labores explicari qui, eu nostrum copiosae argumentum has. Latine propriae quo no, unum ridens expetenda id sit, at usu eius eligendi singulis. Sea ocurreret principes ne. At nonumy aperiri pri, nam quodsi copiosae intellegebat et, ex deserunt euripidis usu. Per ad ullum lobortis.</p>\r\n','','','','','','','',0,0,1,11),(28,'Sky Sea Light Green Sports Shoes','Pink Polyester Long Sleeve Jacket','','38',38,'product-featured-28.jpg','<p>Lorem ipsum dolor sit amet, an labores explicari qui, eu nostrum copiosae argumentum has. Latine propriae quo no, unum ridens expetenda id sit, at usu eius eligendi singulis. Sea ocurreret principes ne. At nonumy aperiri pri, nam quodsi copiosae intellegebat et, ex deserunt euripidis usu. Per ad ullum lobortis. Duo volutpat imperdiet ut, postea salutatus imperdiet ut per, ad utinam debitis invenire has.</p>\r\n\r\n<p>Liber utroque vim an, ne his brute vivendo, est fabulas consetetur appellantur an. In dolore legendos quo, ne ferri noluisse sed. Tantas eligendi at ius. Purto ipsum nemore sit ad.</p>\r\n\r\n<p>Vix tale noluisse voluptua ad, ne brute altera democritum cum. Omnes ornatus qui et, te aeterno discere ocurreret sea. Tollit cetero cu usu, etiam evertitur id nec. Id pro unum pertinax oportere, vel ad ridens mollis. Ad ius meis suavitate voluptaria.</p>\r\n\r\n<p>Mei ut errem legimus periculis, eos liber epicurei necessitatibus eu, facilisi postulant vel no. Ad mea commune disputando, cu vel choro exerci. Pri et oratio iisque atomorum, enim detracto mei ne, id eos soleat iudicabit. Ne reque reformidans mei, rebum delicata consequuntur an sit. Sea ad audire utamur. Ut mei ridens minimum intellegat, perpetua euripidis te qui, ad consul intellegebat comprehensam eum.</p>\r\n\r\n<p>Ex vix alienum sadipscing, quod melius philosophia id has. Ad qui quem reprimique, quo possit detracto reprimique no, sint reque officiis ei per. Ea regione commune volutpat pro, fabulas facilis omnesque mei ne. Cu unum detracto comprehensam sea, ad vim ancillae principes, ex usu fugit consulatu. Vis te purto equidem voluptatum.</p>\r\n','','<p>Lorem ipsum dolor sit amet, an labores explicari qui, eu nostrum copiosae argumentum has. Latine propriae quo no, unum ridens expetenda id sit, at usu eius eligendi singulis. Sea ocurreret principes ne. At nonumy aperiri pri, nam quodsi copiosae intellegebat et, ex deserunt euripidis usu. Per ad ullum lobortis.</p>\r\n','','','','','','','',0,0,1,11),(29,'Sky Sea Black Orange sports Running Keds','Pink Polyester Long Sleeve Jacket','','30',30,'product-featured-29.jpg','<p>Lorem ipsum dolor sit amet, an labores explicari qui, eu nostrum copiosae argumentum has. Latine propriae quo no, unum ridens expetenda id sit, at usu eius eligendi singulis. Sea ocurreret principes ne. At nonumy aperiri pri, nam quodsi copiosae intellegebat et, ex deserunt euripidis usu. Per ad ullum lobortis. Duo volutpat imperdiet ut, postea salutatus imperdiet ut per, ad utinam debitis invenire has.</p>\r\n\r\n<p>Liber utroque vim an, ne his brute vivendo, est fabulas consetetur appellantur an. In dolore legendos quo, ne ferri noluisse sed. Tantas eligendi at ius. Purto ipsum nemore sit ad.</p>\r\n\r\n<p>Vix tale noluisse voluptua ad, ne brute altera democritum cum. Omnes ornatus qui et, te aeterno discere ocurreret sea. Tollit cetero cu usu, etiam evertitur id nec. Id pro unum pertinax oportere, vel ad ridens mollis. Ad ius meis suavitate voluptaria.</p>\r\n\r\n<p>Mei ut errem legimus periculis, eos liber epicurei necessitatibus eu, facilisi postulant vel no. Ad mea commune disputando, cu vel choro exerci. Pri et oratio iisque atomorum, enim detracto mei ne, id eos soleat iudicabit. Ne reque reformidans mei, rebum delicata consequuntur an sit. Sea ad audire utamur. Ut mei ridens minimum intellegat, perpetua euripidis te qui, ad consul intellegebat comprehensam eum.</p>\r\n\r\n<p>Ex vix alienum sadipscing, quod melius philosophia id has. Ad qui quem reprimique, quo possit detracto reprimique no, sint reque officiis ei per. Ea regione commune volutpat pro, fabulas facilis omnesque mei ne. Cu unum detracto comprehensam sea, ad vim ancillae principes, ex usu fugit consulatu. Vis te purto equidem voluptatum.</p>\r\n','','<p>Lorem ipsum dolor sit amet, an labores explicari qui, eu nostrum copiosae argumentum has. Latine propriae quo no, unum ridens expetenda id sit, at usu eius eligendi singulis. Sea ocurreret principes ne. At nonumy aperiri pri, nam quodsi copiosae intellegebat et, ex deserunt euripidis usu. Per ad ullum lobortis.</p>\r\n','','','','','','','',0,0,1,11),(30,'Le Reve Pink Cotton Top for Women','Pink Polyester Long Sleeve Jacket','','31',30,'product-featured-30.jpg','<p>Lorem ipsum dolor sit amet, an labores explicari qui, eu nostrum copiosae argumentum has. Latine propriae quo no, unum ridens expetenda id sit, at usu eius eligendi singulis. Sea ocurreret principes ne. At nonumy aperiri pri, nam quodsi copiosae intellegebat et, ex deserunt euripidis usu. Per ad ullum lobortis. Duo volutpat imperdiet ut, postea salutatus imperdiet ut per, ad utinam debitis invenire has.</p>\r\n\r\n<p>Liber utroque vim an, ne his brute vivendo, est fabulas consetetur appellantur an. In dolore legendos quo, ne ferri noluisse sed. Tantas eligendi at ius. Purto ipsum nemore sit ad.</p>\r\n\r\n<p>Vix tale noluisse voluptua ad, ne brute altera democritum cum. Omnes ornatus qui et, te aeterno discere ocurreret sea. Tollit cetero cu usu, etiam evertitur id nec. Id pro unum pertinax oportere, vel ad ridens mollis. Ad ius meis suavitate voluptaria.</p>\r\n\r\n<p>Mei ut errem legimus periculis, eos liber epicurei necessitatibus eu, facilisi postulant vel no. Ad mea commune disputando, cu vel choro exerci. Pri et oratio iisque atomorum, enim detracto mei ne, id eos soleat iudicabit. Ne reque reformidans mei, rebum delicata consequuntur an sit. Sea ad audire utamur. Ut mei ridens minimum intellegat, perpetua euripidis te qui, ad consul intellegebat comprehensam eum.</p>\r\n\r\n<p>Ex vix alienum sadipscing, quod melius philosophia id has. Ad qui quem reprimique, quo possit detracto reprimique no, sint reque officiis ei per. Ea regione commune volutpat pro, fabulas facilis omnesque mei ne. Cu unum detracto comprehensam sea, ad vim ancillae principes, ex usu fugit consulatu. Vis te purto equidem voluptatum.</p>\r\n','','<p>Lorem ipsum dolor sit amet, an labores explicari qui, eu nostrum copiosae argumentum has. Latine propriae quo no, unum ridens expetenda id sit, at usu eius eligendi singulis. Sea ocurreret principes ne. At nonumy aperiri pri, nam quodsi copiosae intellegebat et, ex deserunt euripidis usu. Per ad ullum lobortis.</p>\r\n','','','','','','','',23,0,1,6),(31,'China Georgette Casual Long Sleeves Tops','Pink Polyester Long Sleeve Jacket','','40',37,'product-featured-31.jpg','<p>Lorem ipsum dolor sit amet, an labores explicari qui, eu nostrum copiosae argumentum has. Latine propriae quo no, unum ridens expetenda id sit, at usu eius eligendi singulis. Sea ocurreret principes ne. At nonumy aperiri pri, nam quodsi copiosae intellegebat et, ex deserunt euripidis usu. Per ad ullum lobortis. Duo volutpat imperdiet ut, postea salutatus imperdiet ut per, ad utinam debitis invenire has.</p>\r\n\r\n<p>Liber utroque vim an, ne his brute vivendo, est fabulas consetetur appellantur an. In dolore legendos quo, ne ferri noluisse sed. Tantas eligendi at ius. Purto ipsum nemore sit ad.</p>\r\n\r\n<p>Vix tale noluisse voluptua ad, ne brute altera democritum cum. Omnes ornatus qui et, te aeterno discere ocurreret sea. Tollit cetero cu usu, etiam evertitur id nec. Id pro unum pertinax oportere, vel ad ridens mollis. Ad ius meis suavitate voluptaria.</p>\r\n\r\n<p>Mei ut errem legimus periculis, eos liber epicurei necessitatibus eu, facilisi postulant vel no. Ad mea commune disputando, cu vel choro exerci. Pri et oratio iisque atomorum, enim detracto mei ne, id eos soleat iudicabit. Ne reque reformidans mei, rebum delicata consequuntur an sit. Sea ad audire utamur. Ut mei ridens minimum intellegat, perpetua euripidis te qui, ad consul intellegebat comprehensam eum.</p>\r\n\r\n<p>Ex vix alienum sadipscing, quod melius philosophia id has. Ad qui quem reprimique, quo possit detracto reprimique no, sint reque officiis ei per. Ea regione commune volutpat pro, fabulas facilis omnesque mei ne. Cu unum detracto comprehensam sea, ad vim ancillae principes, ex usu fugit consulatu. Vis te purto equidem voluptatum.</p>\r\n','','<p>Lorem ipsum dolor sit amet, an labores explicari qui, eu nostrum copiosae argumentum has. Latine propriae quo no, unum ridens expetenda id sit, at usu eius eligendi singulis. Sea ocurreret principes ne. At nonumy aperiri pri, nam quodsi copiosae intellegebat et, ex deserunt euripidis usu. Per ad ullum lobortis.</p>\r\n','','','','','','','',6,0,1,6),(32,'Light Purple Georgette Casual Unstitched Tops','Pink Polyester Long Sleeve Jacket','','42',39,'product-featured-32.jpg','<p>Lorem ipsum dolor sit amet, an labores explicari qui, eu nostrum copiosae argumentum has. Latine propriae quo no, unum ridens expetenda id sit, at usu eius eligendi singulis. Sea ocurreret principes ne. At nonumy aperiri pri, nam quodsi copiosae intellegebat et, ex deserunt euripidis usu. Per ad ullum lobortis. Duo volutpat imperdiet ut, postea salutatus imperdiet ut per, ad utinam debitis invenire has.</p>\r\n\r\n<p>Liber utroque vim an, ne his brute vivendo, est fabulas consetetur appellantur an. In dolore legendos quo, ne ferri noluisse sed. Tantas eligendi at ius. Purto ipsum nemore sit ad.</p>\r\n\r\n<p>Vix tale noluisse voluptua ad, ne brute altera democritum cum. Omnes ornatus qui et, te aeterno discere ocurreret sea. Tollit cetero cu usu, etiam evertitur id nec. Id pro unum pertinax oportere, vel ad ridens mollis. Ad ius meis suavitate voluptaria.</p>\r\n\r\n<p>Mei ut errem legimus periculis, eos liber epicurei necessitatibus eu, facilisi postulant vel no. Ad mea commune disputando, cu vel choro exerci. Pri et oratio iisque atomorum, enim detracto mei ne, id eos soleat iudicabit. Ne reque reformidans mei, rebum delicata consequuntur an sit. Sea ad audire utamur. Ut mei ridens minimum intellegat, perpetua euripidis te qui, ad consul intellegebat comprehensam eum.</p>\r\n\r\n<p>Ex vix alienum sadipscing, quod melius philosophia id has. Ad qui quem reprimique, quo possit detracto reprimique no, sint reque officiis ei per. Ea regione commune volutpat pro, fabulas facilis omnesque mei ne. Cu unum detracto comprehensam sea, ad vim ancillae principes, ex usu fugit consulatu. Vis te purto equidem voluptatum.</p>\r\n','','<p>Lorem ipsum dolor sit amet, an labores explicari qui, eu nostrum copiosae argumentum has. Latine propriae quo no, unum ridens expetenda id sit, at usu eius eligendi singulis. Sea ocurreret principes ne. At nonumy aperiri pri, nam quodsi copiosae intellegebat et, ex deserunt euripidis usu. Per ad ullum lobortis.</p>\r\n','','','','','','','',3,0,1,6),(33,'Cotton Casual Long Sleeves Tops Tops','Pink Polyester Long Sleeve Jacket','','46',46,'product-featured-33.jpg','<p>Lorem ipsum dolor sit amet, an labores explicari qui, eu nostrum copiosae argumentum has. Latine propriae quo no, unum ridens expetenda id sit, at usu eius eligendi singulis. Sea ocurreret principes ne. At nonumy aperiri pri, nam quodsi copiosae intellegebat et, ex deserunt euripidis usu. Per ad ullum lobortis. Duo volutpat imperdiet ut, postea salutatus imperdiet ut per, ad utinam debitis invenire has.</p>\r\n\r\n<p>Liber utroque vim an, ne his brute vivendo, est fabulas consetetur appellantur an. In dolore legendos quo, ne ferri noluisse sed. Tantas eligendi at ius. Purto ipsum nemore sit ad.</p>\r\n\r\n<p>Vix tale noluisse voluptua ad, ne brute altera democritum cum. Omnes ornatus qui et, te aeterno discere ocurreret sea. Tollit cetero cu usu, etiam evertitur id nec. Id pro unum pertinax oportere, vel ad ridens mollis. Ad ius meis suavitate voluptaria.</p>\r\n\r\n<p>Mei ut errem legimus periculis, eos liber epicurei necessitatibus eu, facilisi postulant vel no. Ad mea commune disputando, cu vel choro exerci. Pri et oratio iisque atomorum, enim detracto mei ne, id eos soleat iudicabit. Ne reque reformidans mei, rebum delicata consequuntur an sit. Sea ad audire utamur. Ut mei ridens minimum intellegat, perpetua euripidis te qui, ad consul intellegebat comprehensam eum.</p>\r\n\r\n<p>Ex vix alienum sadipscing, quod melius philosophia id has. Ad qui quem reprimique, quo possit detracto reprimique no, sint reque officiis ei per. Ea regione commune volutpat pro, fabulas facilis omnesque mei ne. Cu unum detracto comprehensam sea, ad vim ancillae principes, ex usu fugit consulatu. Vis te purto equidem voluptatum.</p>\r\n','','<p>Lorem ipsum dolor sit amet, an labores explicari qui, eu nostrum copiosae argumentum has. Latine propriae quo no, unum ridens expetenda id sit, at usu eius eligendi singulis. Sea ocurreret principes ne. At nonumy aperiri pri, nam quodsi copiosae intellegebat et, ex deserunt euripidis usu. Per ad ullum lobortis.</p>\r\n','','','','','','','',1,0,1,6),(34,'Fashion Express Cotton Short Sleeve T-Shirt','Pink Polyester Long Sleeve Jacket','','24',24,'product-featured-34.jpg','<p>Lorem ipsum dolor sit amet, an labores explicari qui, eu nostrum copiosae argumentum has. Latine propriae quo no, unum ridens expetenda id sit, at usu eius eligendi singulis. Sea ocurreret principes ne. At nonumy aperiri pri, nam quodsi copiosae intellegebat et, ex deserunt euripidis usu. Per ad ullum lobortis. Duo volutpat imperdiet ut, postea salutatus imperdiet ut per, ad utinam debitis invenire has.</p>\r\n\r\n<p>Liber utroque vim an, ne his brute vivendo, est fabulas consetetur appellantur an. In dolore legendos quo, ne ferri noluisse sed. Tantas eligendi at ius. Purto ipsum nemore sit ad.</p>\r\n\r\n<p>Vix tale noluisse voluptua ad, ne brute altera democritum cum. Omnes ornatus qui et, te aeterno discere ocurreret sea. Tollit cetero cu usu, etiam evertitur id nec. Id pro unum pertinax oportere, vel ad ridens mollis. Ad ius meis suavitate voluptaria.</p>\r\n\r\n<p>Mei ut errem legimus periculis, eos liber epicurei necessitatibus eu, facilisi postulant vel no. Ad mea commune disputando, cu vel choro exerci. Pri et oratio iisque atomorum, enim detracto mei ne, id eos soleat iudicabit. Ne reque reformidans mei, rebum delicata consequuntur an sit. Sea ad audire utamur. Ut mei ridens minimum intellegat, perpetua euripidis te qui, ad consul intellegebat comprehensam eum.</p>\r\n\r\n<p>Ex vix alienum sadipscing, quod melius philosophia id has. Ad qui quem reprimique, quo possit detracto reprimique no, sint reque officiis ei per. Ea regione commune volutpat pro, fabulas facilis omnesque mei ne. Cu unum detracto comprehensam sea, ad vim ancillae principes, ex usu fugit consulatu. Vis te purto equidem voluptatum.</p>\r\n','','<p>Lorem ipsum dolor sit amet, an labores explicari qui, eu nostrum copiosae argumentum has. Latine propriae quo no, unum ridens expetenda id sit, at usu eius eligendi singulis. Sea ocurreret principes ne. At nonumy aperiri pri, nam quodsi copiosae intellegebat et, ex deserunt euripidis usu. Per ad ullum lobortis.</p>\r\n','','','','','','','',0,0,1,7),(35,'Brand Bangla Red Cotton Casual T-shirt ','Pink Polyester Long Sleeve Jacket','','24',24,'product-featured-35.jpg','<p>Lorem ipsum dolor sit amet, an labores explicari qui, eu nostrum copiosae argumentum has. Latine propriae quo no, unum ridens expetenda id sit, at usu eius eligendi singulis. Sea ocurreret principes ne. At nonumy aperiri pri, nam quodsi copiosae intellegebat et, ex deserunt euripidis usu. Per ad ullum lobortis. Duo volutpat imperdiet ut, postea salutatus imperdiet ut per, ad utinam debitis invenire has.</p>\r\n\r\n<p>Liber utroque vim an, ne his brute vivendo, est fabulas consetetur appellantur an. In dolore legendos quo, ne ferri noluisse sed. Tantas eligendi at ius. Purto ipsum nemore sit ad.</p>\r\n\r\n<p>Vix tale noluisse voluptua ad, ne brute altera democritum cum. Omnes ornatus qui et, te aeterno discere ocurreret sea. Tollit cetero cu usu, etiam evertitur id nec. Id pro unum pertinax oportere, vel ad ridens mollis. Ad ius meis suavitate voluptaria.</p>\r\n\r\n<p>Mei ut errem legimus periculis, eos liber epicurei necessitatibus eu, facilisi postulant vel no. Ad mea commune disputando, cu vel choro exerci. Pri et oratio iisque atomorum, enim detracto mei ne, id eos soleat iudicabit. Ne reque reformidans mei, rebum delicata consequuntur an sit. Sea ad audire utamur. Ut mei ridens minimum intellegat, perpetua euripidis te qui, ad consul intellegebat comprehensam eum.</p>\r\n\r\n<p>Ex vix alienum sadipscing, quod melius philosophia id has. Ad qui quem reprimique, quo possit detracto reprimique no, sint reque officiis ei per. Ea regione commune volutpat pro, fabulas facilis omnesque mei ne. Cu unum detracto comprehensam sea, ad vim ancillae principes, ex usu fugit consulatu. Vis te purto equidem voluptatum.</p>\r\n','','<p>Lorem ipsum dolor sit amet, an labores explicari qui, eu nostrum copiosae argumentum has. Latine propriae quo no, unum ridens expetenda id sit, at usu eius eligendi singulis. Sea ocurreret principes ne. At nonumy aperiri pri, nam quodsi copiosae intellegebat et, ex deserunt euripidis usu. Per ad ullum lobortis.</p>\r\n','','','','','','','',0,0,1,7),(36,'Charismatic Purple Cotton T-Shirt','Pink Polyester Long Sleeve Jacket','','22',22,'product-featured-36.jpg','<p>Lorem ipsum dolor sit amet, an labores explicari qui, eu nostrum copiosae argumentum has. Latine propriae quo no, unum ridens expetenda id sit, at usu eius eligendi singulis. Sea ocurreret principes ne. At nonumy aperiri pri, nam quodsi copiosae intellegebat et, ex deserunt euripidis usu. Per ad ullum lobortis. Duo volutpat imperdiet ut, postea salutatus imperdiet ut per, ad utinam debitis invenire has.</p>\r\n\r\n<p>Liber utroque vim an, ne his brute vivendo, est fabulas consetetur appellantur an. In dolore legendos quo, ne ferri noluisse sed. Tantas eligendi at ius. Purto ipsum nemore sit ad.</p>\r\n\r\n<p>Vix tale noluisse voluptua ad, ne brute altera democritum cum. Omnes ornatus qui et, te aeterno discere ocurreret sea. Tollit cetero cu usu, etiam evertitur id nec. Id pro unum pertinax oportere, vel ad ridens mollis. Ad ius meis suavitate voluptaria.</p>\r\n\r\n<p>Mei ut errem legimus periculis, eos liber epicurei necessitatibus eu, facilisi postulant vel no. Ad mea commune disputando, cu vel choro exerci. Pri et oratio iisque atomorum, enim detracto mei ne, id eos soleat iudicabit. Ne reque reformidans mei, rebum delicata consequuntur an sit. Sea ad audire utamur. Ut mei ridens minimum intellegat, perpetua euripidis te qui, ad consul intellegebat comprehensam eum.</p>\r\n\r\n<p>Ex vix alienum sadipscing, quod melius philosophia id has. Ad qui quem reprimique, quo possit detracto reprimique no, sint reque officiis ei per. Ea regione commune volutpat pro, fabulas facilis omnesque mei ne. Cu unum detracto comprehensam sea, ad vim ancillae principes, ex usu fugit consulatu. Vis te purto equidem voluptatum.</p>\r\n','','<p>Lorem ipsum dolor sit amet, an labores explicari qui, eu nostrum copiosae argumentum has. Latine propriae quo no, unum ridens expetenda id sit, at usu eius eligendi singulis. Sea ocurreret principes ne. At nonumy aperiri pri, nam quodsi copiosae intellegebat et, ex deserunt euripidis usu. Per ad ullum lobortis.</p>\r\n','','','','','','','',0,0,1,7),(37,'Brand Bangla White Cotton Casual T-shirt','Pink Polyester Long Sleeve Jacket','','23',23,'product-featured-37.jpg','<p>Lorem ipsum dolor sit amet, an labores explicari qui, eu nostrum copiosae argumentum has. Latine propriae quo no, unum ridens expetenda id sit, at usu eius eligendi singulis. Sea ocurreret principes ne. At nonumy aperiri pri, nam quodsi copiosae intellegebat et, ex deserunt euripidis usu. Per ad ullum lobortis. Duo volutpat imperdiet ut, postea salutatus imperdiet ut per, ad utinam debitis invenire has.</p>\r\n\r\n<p>Liber utroque vim an, ne his brute vivendo, est fabulas consetetur appellantur an. In dolore legendos quo, ne ferri noluisse sed. Tantas eligendi at ius. Purto ipsum nemore sit ad.</p>\r\n\r\n<p>Vix tale noluisse voluptua ad, ne brute altera democritum cum. Omnes ornatus qui et, te aeterno discere ocurreret sea. Tollit cetero cu usu, etiam evertitur id nec. Id pro unum pertinax oportere, vel ad ridens mollis. Ad ius meis suavitate voluptaria.</p>\r\n\r\n<p>Mei ut errem legimus periculis, eos liber epicurei necessitatibus eu, facilisi postulant vel no. Ad mea commune disputando, cu vel choro exerci. Pri et oratio iisque atomorum, enim detracto mei ne, id eos soleat iudicabit. Ne reque reformidans mei, rebum delicata consequuntur an sit. Sea ad audire utamur. Ut mei ridens minimum intellegat, perpetua euripidis te qui, ad consul intellegebat comprehensam eum.</p>\r\n\r\n<p>Ex vix alienum sadipscing, quod melius philosophia id has. Ad qui quem reprimique, quo possit detracto reprimique no, sint reque officiis ei per. Ea regione commune volutpat pro, fabulas facilis omnesque mei ne. Cu unum detracto comprehensam sea, ad vim ancillae principes, ex usu fugit consulatu. Vis te purto equidem voluptatum.</p>\r\n','','<p>Lorem ipsum dolor sit amet, an labores explicari qui, eu nostrum copiosae argumentum has. Latine propriae quo no, unum ridens expetenda id sit, at usu eius eligendi singulis. Sea ocurreret principes ne. At nonumy aperiri pri, nam quodsi copiosae intellegebat et, ex deserunt euripidis usu. Per ad ullum lobortis.</p>\r\n','','','','','','','',1,0,1,7),(38,'Printed White Cotton Short Sleeves T-Shirt','Pink Polyester Long Sleeve Jacket','','25',25,'product-featured-38.jpg','<p>Lorem ipsum dolor sit amet, an labores explicari qui, eu nostrum copiosae argumentum has. Latine propriae quo no, unum ridens expetenda id sit, at usu eius eligendi singulis. Sea ocurreret principes ne. At nonumy aperiri pri, nam quodsi copiosae intellegebat et, ex deserunt euripidis usu. Per ad ullum lobortis. Duo volutpat imperdiet ut, postea salutatus imperdiet ut per, ad utinam debitis invenire has.</p>\r\n\r\n<p>Liber utroque vim an, ne his brute vivendo, est fabulas consetetur appellantur an. In dolore legendos quo, ne ferri noluisse sed. Tantas eligendi at ius. Purto ipsum nemore sit ad.</p>\r\n\r\n<p>Vix tale noluisse voluptua ad, ne brute altera democritum cum. Omnes ornatus qui et, te aeterno discere ocurreret sea. Tollit cetero cu usu, etiam evertitur id nec. Id pro unum pertinax oportere, vel ad ridens mollis. Ad ius meis suavitate voluptaria.</p>\r\n\r\n<p>Mei ut errem legimus periculis, eos liber epicurei necessitatibus eu, facilisi postulant vel no. Ad mea commune disputando, cu vel choro exerci. Pri et oratio iisque atomorum, enim detracto mei ne, id eos soleat iudicabit. Ne reque reformidans mei, rebum delicata consequuntur an sit. Sea ad audire utamur. Ut mei ridens minimum intellegat, perpetua euripidis te qui, ad consul intellegebat comprehensam eum.</p>\r\n\r\n<p>Ex vix alienum sadipscing, quod melius philosophia id has. Ad qui quem reprimique, quo possit detracto reprimique no, sint reque officiis ei per. Ea regione commune volutpat pro, fabulas facilis omnesque mei ne. Cu unum detracto comprehensam sea, ad vim ancillae principes, ex usu fugit consulatu. Vis te purto equidem voluptatum.</p>\r\n','','<p>Lorem ipsum dolor sit amet, an labores explicari qui, eu nostrum copiosae argumentum has. Latine propriae quo no, unum ridens expetenda id sit, at usu eius eligendi singulis. Sea ocurreret principes ne. At nonumy aperiri pri, nam quodsi copiosae intellegebat et, ex deserunt euripidis usu. Per ad ullum lobortis.</p>\r\n','','','','','','','',0,0,1,7),(39,'Yes Buy Stoned Choker Necklace for Women','Pink Polyester Long Sleeve Jacket','','34',12,'product-featured-39.jpg','<p>Lorem ipsum dolor sit amet, an labores explicari qui, eu nostrum copiosae argumentum has. Latine propriae quo no, unum ridens expetenda id sit, at usu eius eligendi singulis. Sea ocurreret principes ne. At nonumy aperiri pri, nam quodsi copiosae intellegebat et, ex deserunt euripidis usu. Per ad ullum lobortis. Duo volutpat imperdiet ut, postea salutatus imperdiet ut per, ad utinam debitis invenire has.</p>\r\n\r\n<p>Liber utroque vim an, ne his brute vivendo, est fabulas consetetur appellantur an. In dolore legendos quo, ne ferri noluisse sed. Tantas eligendi at ius. Purto ipsum nemore sit ad.</p>\r\n\r\n<p>Vix tale noluisse voluptua ad, ne brute altera democritum cum. Omnes ornatus qui et, te aeterno discere ocurreret sea. Tollit cetero cu usu, etiam evertitur id nec. Id pro unum pertinax oportere, vel ad ridens mollis. Ad ius meis suavitate voluptaria.</p>\r\n\r\n<p>Mei ut errem legimus periculis, eos liber epicurei necessitatibus eu, facilisi postulant vel no. Ad mea commune disputando, cu vel choro exerci. Pri et oratio iisque atomorum, enim detracto mei ne, id eos soleat iudicabit. Ne reque reformidans mei, rebum delicata consequuntur an sit. Sea ad audire utamur. Ut mei ridens minimum intellegat, perpetua euripidis te qui, ad consul intellegebat comprehensam eum.</p>\r\n\r\n<p>Ex vix alienum sadipscing, quod melius philosophia id has. Ad qui quem reprimique, quo possit detracto reprimique no, sint reque officiis ei per. Ea regione commune volutpat pro, fabulas facilis omnesque mei ne. Cu unum detracto comprehensam sea, ad vim ancillae principes, ex usu fugit consulatu. Vis te purto equidem voluptatum.</p>\r\n','','<p>Lorem ipsum dolor sit amet, an labores explicari qui, eu nostrum copiosae argumentum has. Latine propriae quo no, unum ridens expetenda id sit, at usu eius eligendi singulis. Sea ocurreret principes ne. At nonumy aperiri pri, nam quodsi copiosae intellegebat et, ex deserunt euripidis usu. Per ad ullum lobortis.</p>\r\n','','','','','','','',0,0,1,8),(40,'Opolok Golden Zinc Alloy Necklace','Pink Polyester Long Sleeve Jacket','','24',15,'product-featured-40.jpg','<p>Lorem ipsum dolor sit amet, an labores explicari qui, eu nostrum copiosae argumentum has. Latine propriae quo no, unum ridens expetenda id sit, at usu eius eligendi singulis. Sea ocurreret principes ne. At nonumy aperiri pri, nam quodsi copiosae intellegebat et, ex deserunt euripidis usu. Per ad ullum lobortis. Duo volutpat imperdiet ut, postea salutatus imperdiet ut per, ad utinam debitis invenire has.</p>\r\n\r\n<p>Liber utroque vim an, ne his brute vivendo, est fabulas consetetur appellantur an. In dolore legendos quo, ne ferri noluisse sed. Tantas eligendi at ius. Purto ipsum nemore sit ad.</p>\r\n\r\n<p>Vix tale noluisse voluptua ad, ne brute altera democritum cum. Omnes ornatus qui et, te aeterno discere ocurreret sea. Tollit cetero cu usu, etiam evertitur id nec. Id pro unum pertinax oportere, vel ad ridens mollis. Ad ius meis suavitate voluptaria.</p>\r\n\r\n<p>Mei ut errem legimus periculis, eos liber epicurei necessitatibus eu, facilisi postulant vel no. Ad mea commune disputando, cu vel choro exerci. Pri et oratio iisque atomorum, enim detracto mei ne, id eos soleat iudicabit. Ne reque reformidans mei, rebum delicata consequuntur an sit. Sea ad audire utamur. Ut mei ridens minimum intellegat, perpetua euripidis te qui, ad consul intellegebat comprehensam eum.</p>\r\n\r\n<p>Ex vix alienum sadipscing, quod melius philosophia id has. Ad qui quem reprimique, quo possit detracto reprimique no, sint reque officiis ei per. Ea regione commune volutpat pro, fabulas facilis omnesque mei ne. Cu unum detracto comprehensam sea, ad vim ancillae principes, ex usu fugit consulatu. Vis te purto equidem voluptatum.</p>\r\n','','<p>Lorem ipsum dolor sit amet, an labores explicari qui, eu nostrum copiosae argumentum has. Latine propriae quo no, unum ridens expetenda id sit, at usu eius eligendi singulis. Sea ocurreret principes ne. At nonumy aperiri pri, nam quodsi copiosae intellegebat et, ex deserunt euripidis usu. Per ad ullum lobortis.</p>\r\n','','','','','','','',0,0,1,8),(41,'Combo of Ring and Necklace for Women','Pink Polyester Long Sleeve Jacket','','24',18,'product-featured-41.jpg','<p>Lorem ipsum dolor sit amet, an labores explicari qui, eu nostrum copiosae argumentum has. Latine propriae quo no, unum ridens expetenda id sit, at usu eius eligendi singulis. Sea ocurreret principes ne. At nonumy aperiri pri, nam quodsi copiosae intellegebat et, ex deserunt euripidis usu. Per ad ullum lobortis. Duo volutpat imperdiet ut, postea salutatus imperdiet ut per, ad utinam debitis invenire has.</p>\r\n\r\n<p>Liber utroque vim an, ne his brute vivendo, est fabulas consetetur appellantur an. In dolore legendos quo, ne ferri noluisse sed. Tantas eligendi at ius. Purto ipsum nemore sit ad.</p>\r\n\r\n<p>Vix tale noluisse voluptua ad, ne brute altera democritum cum. Omnes ornatus qui et, te aeterno discere ocurreret sea. Tollit cetero cu usu, etiam evertitur id nec. Id pro unum pertinax oportere, vel ad ridens mollis. Ad ius meis suavitate voluptaria.</p>\r\n\r\n<p>Mei ut errem legimus periculis, eos liber epicurei necessitatibus eu, facilisi postulant vel no. Ad mea commune disputando, cu vel choro exerci. Pri et oratio iisque atomorum, enim detracto mei ne, id eos soleat iudicabit. Ne reque reformidans mei, rebum delicata consequuntur an sit. Sea ad audire utamur. Ut mei ridens minimum intellegat, perpetua euripidis te qui, ad consul intellegebat comprehensam eum.</p>\r\n\r\n<p>Ex vix alienum sadipscing, quod melius philosophia id has. Ad qui quem reprimique, quo possit detracto reprimique no, sint reque officiis ei per. Ea regione commune volutpat pro, fabulas facilis omnesque mei ne. Cu unum detracto comprehensam sea, ad vim ancillae principes, ex usu fugit consulatu. Vis te purto equidem voluptatum.</p>\r\n','','<p>Lorem ipsum dolor sit amet, an labores explicari qui, eu nostrum copiosae argumentum has. Latine propriae quo no, unum ridens expetenda id sit, at usu eius eligendi singulis. Sea ocurreret principes ne. At nonumy aperiri pri, nam quodsi copiosae intellegebat et, ex deserunt euripidis usu. Per ad ullum lobortis.</p>\r\n','','','','','','','',0,0,1,8),(42,'Zinc Alloy Cubic Zirconia Geometry Strip Rings ','Pink Polyester Long Sleeve Jacket','','32',18,'product-featured-42.jpg','<p>Lorem ipsum dolor sit amet, an labores explicari qui, eu nostrum copiosae argumentum has. Latine propriae quo no, unum ridens expetenda id sit, at usu eius eligendi singulis. Sea ocurreret principes ne. At nonumy aperiri pri, nam quodsi copiosae intellegebat et, ex deserunt euripidis usu. Per ad ullum lobortis. Duo volutpat imperdiet ut, postea salutatus imperdiet ut per, ad utinam debitis invenire has.</p>\r\n\r\n<p>Liber utroque vim an, ne his brute vivendo, est fabulas consetetur appellantur an. In dolore legendos quo, ne ferri noluisse sed. Tantas eligendi at ius. Purto ipsum nemore sit ad.</p>\r\n\r\n<p>Vix tale noluisse voluptua ad, ne brute altera democritum cum. Omnes ornatus qui et, te aeterno discere ocurreret sea. Tollit cetero cu usu, etiam evertitur id nec. Id pro unum pertinax oportere, vel ad ridens mollis. Ad ius meis suavitate voluptaria.</p>\r\n\r\n<p>Mei ut errem legimus periculis, eos liber epicurei necessitatibus eu, facilisi postulant vel no. Ad mea commune disputando, cu vel choro exerci. Pri et oratio iisque atomorum, enim detracto mei ne, id eos soleat iudicabit. Ne reque reformidans mei, rebum delicata consequuntur an sit. Sea ad audire utamur. Ut mei ridens minimum intellegat, perpetua euripidis te qui, ad consul intellegebat comprehensam eum.</p>\r\n\r\n<p>Ex vix alienum sadipscing, quod melius philosophia id has. Ad qui quem reprimique, quo possit detracto reprimique no, sint reque officiis ei per. Ea regione commune volutpat pro, fabulas facilis omnesque mei ne. Cu unum detracto comprehensam sea, ad vim ancillae principes, ex usu fugit consulatu. Vis te purto equidem voluptatum.</p>\r\n','','<p>Lorem ipsum dolor sit amet, an labores explicari qui, eu nostrum copiosae argumentum has. Latine propriae quo no, unum ridens expetenda id sit, at usu eius eligendi singulis. Sea ocurreret principes ne. At nonumy aperiri pri, nam quodsi copiosae intellegebat et, ex deserunt euripidis usu. Per ad ullum lobortis.</p>\r\n','','','','','','','',0,0,1,9),(43,'Cubic Zirconia Stainless Steel Rings','Pink Polyester Long Sleeve Jacket','','23',12,'product-featured-43.jpg','<p>Lorem ipsum dolor sit amet, an labores explicari qui, eu nostrum copiosae argumentum has. Latine propriae quo no, unum ridens expetenda id sit, at usu eius eligendi singulis. Sea ocurreret principes ne. At nonumy aperiri pri, nam quodsi copiosae intellegebat et, ex deserunt euripidis usu. Per ad ullum lobortis. Duo volutpat imperdiet ut, postea salutatus imperdiet ut per, ad utinam debitis invenire has.</p>\r\n\r\n<p>Liber utroque vim an, ne his brute vivendo, est fabulas consetetur appellantur an. In dolore legendos quo, ne ferri noluisse sed. Tantas eligendi at ius. Purto ipsum nemore sit ad.</p>\r\n\r\n<p>Vix tale noluisse voluptua ad, ne brute altera democritum cum. Omnes ornatus qui et, te aeterno discere ocurreret sea. Tollit cetero cu usu, etiam evertitur id nec. Id pro unum pertinax oportere, vel ad ridens mollis. Ad ius meis suavitate voluptaria.</p>\r\n\r\n<p>Mei ut errem legimus periculis, eos liber epicurei necessitatibus eu, facilisi postulant vel no. Ad mea commune disputando, cu vel choro exerci. Pri et oratio iisque atomorum, enim detracto mei ne, id eos soleat iudicabit. Ne reque reformidans mei, rebum delicata consequuntur an sit. Sea ad audire utamur. Ut mei ridens minimum intellegat, perpetua euripidis te qui, ad consul intellegebat comprehensam eum.</p>\r\n\r\n<p>Ex vix alienum sadipscing, quod melius philosophia id has. Ad qui quem reprimique, quo possit detracto reprimique no, sint reque officiis ei per. Ea regione commune volutpat pro, fabulas facilis omnesque mei ne. Cu unum detracto comprehensam sea, ad vim ancillae principes, ex usu fugit consulatu. Vis te purto equidem voluptatum.</p>\r\n','','<p>Lorem ipsum dolor sit amet, an labores explicari qui, eu nostrum copiosae argumentum has. Latine propriae quo no, unum ridens expetenda id sit, at usu eius eligendi singulis. Sea ocurreret principes ne. At nonumy aperiri pri, nam quodsi copiosae intellegebat et, ex deserunt euripidis usu. Per ad ullum lobortis.</p>\r\n','','','','','','','',0,0,1,9),(44,'Rose Arrow Gold Plated Finger Ring','Pink Polyester Long Sleeve Jacket','','23',12,'product-featured-44.jpg','<p>Lorem ipsum dolor sit amet, an labores explicari qui, eu nostrum copiosae argumentum has. Latine propriae quo no, unum ridens expetenda id sit, at usu eius eligendi singulis. Sea ocurreret principes ne. At nonumy aperiri pri, nam quodsi copiosae intellegebat et, ex deserunt euripidis usu. Per ad ullum lobortis. Duo volutpat imperdiet ut, postea salutatus imperdiet ut per, ad utinam debitis invenire has.</p>\r\n\r\n<p>Liber utroque vim an, ne his brute vivendo, est fabulas consetetur appellantur an. In dolore legendos quo, ne ferri noluisse sed. Tantas eligendi at ius. Purto ipsum nemore sit ad.</p>\r\n\r\n<p>Vix tale noluisse voluptua ad, ne brute altera democritum cum. Omnes ornatus qui et, te aeterno discere ocurreret sea. Tollit cetero cu usu, etiam evertitur id nec. Id pro unum pertinax oportere, vel ad ridens mollis. Ad ius meis suavitate voluptaria.</p>\r\n\r\n<p>Mei ut errem legimus periculis, eos liber epicurei necessitatibus eu, facilisi postulant vel no. Ad mea commune disputando, cu vel choro exerci. Pri et oratio iisque atomorum, enim detracto mei ne, id eos soleat iudicabit. Ne reque reformidans mei, rebum delicata consequuntur an sit. Sea ad audire utamur. Ut mei ridens minimum intellegat, perpetua euripidis te qui, ad consul intellegebat comprehensam eum.</p>\r\n\r\n<p>Ex vix alienum sadipscing, quod melius philosophia id has. Ad qui quem reprimique, quo possit detracto reprimique no, sint reque officiis ei per. Ea regione commune volutpat pro, fabulas facilis omnesque mei ne. Cu unum detracto comprehensam sea, ad vim ancillae principes, ex usu fugit consulatu. Vis te purto equidem voluptatum.</p>\r\n','','<p>Lorem ipsum dolor sit amet, an labores explicari qui, eu nostrum copiosae argumentum has. Latine propriae quo no, unum ridens expetenda id sit, at usu eius eligendi singulis. Sea ocurreret principes ne. At nonumy aperiri pri, nam quodsi copiosae intellegebat et, ex deserunt euripidis usu. Per ad ullum lobortis.</p>\r\n','','','','','','','',0,0,1,9),(45,'Chemical Glove - Black','Pink Polyester Long Sleeve Jacket','','14',33,'product-featured-45.jpg','<p>Lorem ipsum dolor sit amet, an labores explicari qui, eu nostrum copiosae argumentum has. Latine propriae quo no, unum ridens expetenda id sit, at usu eius eligendi singulis. Sea ocurreret principes ne. At nonumy aperiri pri, nam quodsi copiosae intellegebat et, ex deserunt euripidis usu. Per ad ullum lobortis. Duo volutpat imperdiet ut, postea salutatus imperdiet ut per, ad utinam debitis invenire has.</p>\r\n\r\n<p>Liber utroque vim an, ne his brute vivendo, est fabulas consetetur appellantur an. In dolore legendos quo, ne ferri noluisse sed. Tantas eligendi at ius. Purto ipsum nemore sit ad.</p>\r\n\r\n<p>Vix tale noluisse voluptua ad, ne brute altera democritum cum. Omnes ornatus qui et, te aeterno discere ocurreret sea. Tollit cetero cu usu, etiam evertitur id nec. Id pro unum pertinax oportere, vel ad ridens mollis. Ad ius meis suavitate voluptaria.</p>\r\n\r\n<p>Mei ut errem legimus periculis, eos liber epicurei necessitatibus eu, facilisi postulant vel no. Ad mea commune disputando, cu vel choro exerci. Pri et oratio iisque atomorum, enim detracto mei ne, id eos soleat iudicabit. Ne reque reformidans mei, rebum delicata consequuntur an sit. Sea ad audire utamur. Ut mei ridens minimum intellegat, perpetua euripidis te qui, ad consul intellegebat comprehensam eum.</p>\r\n\r\n<p>Ex vix alienum sadipscing, quod melius philosophia id has. Ad qui quem reprimique, quo possit detracto reprimique no, sint reque officiis ei per. Ea regione commune volutpat pro, fabulas facilis omnesque mei ne. Cu unum detracto comprehensam sea, ad vim ancillae principes, ex usu fugit consulatu. Vis te purto equidem voluptatum.</p>\r\n\r\n<p>Detracto contentiones te est, brute ipsum consul an vis. Mea ei regione blandit ullamcorper, definiebas constituam vix ei. At his ludus nonumes gloriatur. Ne vim tamquam nonumes.</p>\r\n','','<p>Lorem ipsum dolor sit amet, an labores explicari qui, eu nostrum copiosae argumentum has. Latine propriae quo no, unum ridens expetenda id sit, at usu eius eligendi singulis. Sea ocurreret principes ne. At nonumy aperiri pri, nam quodsi copiosae intellegebat et, ex deserunt euripidis usu. Per ad ullum lobortis.</p>\r\n','','','','','','','',0,0,1,16),(46,'Safa Leather Winter Hand Gloves','Pink Polyester Long Sleeve Jacket','','18',33,'product-featured-46.jpg','<p>Lorem ipsum dolor sit amet, an labores explicari qui, eu nostrum copiosae argumentum has. Latine propriae quo no, unum ridens expetenda id sit, at usu eius eligendi singulis. Sea ocurreret principes ne. At nonumy aperiri pri, nam quodsi copiosae intellegebat et, ex deserunt euripidis usu. Per ad ullum lobortis. Duo volutpat imperdiet ut, postea salutatus imperdiet ut per, ad utinam debitis invenire has.</p>\r\n\r\n<p>Liber utroque vim an, ne his brute vivendo, est fabulas consetetur appellantur an. In dolore legendos quo, ne ferri noluisse sed. Tantas eligendi at ius. Purto ipsum nemore sit ad.</p>\r\n\r\n<p>Vix tale noluisse voluptua ad, ne brute altera democritum cum. Omnes ornatus qui et, te aeterno discere ocurreret sea. Tollit cetero cu usu, etiam evertitur id nec. Id pro unum pertinax oportere, vel ad ridens mollis. Ad ius meis suavitate voluptaria.</p>\r\n\r\n<p>Mei ut errem legimus periculis, eos liber epicurei necessitatibus eu, facilisi postulant vel no. Ad mea commune disputando, cu vel choro exerci. Pri et oratio iisque atomorum, enim detracto mei ne, id eos soleat iudicabit. Ne reque reformidans mei, rebum delicata consequuntur an sit. Sea ad audire utamur. Ut mei ridens minimum intellegat, perpetua euripidis te qui, ad consul intellegebat comprehensam eum.</p>\r\n\r\n<p>Ex vix alienum sadipscing, quod melius philosophia id has. Ad qui quem reprimique, quo possit detracto reprimique no, sint reque officiis ei per. Ea regione commune volutpat pro, fabulas facilis omnesque mei ne. Cu unum detracto comprehensam sea, ad vim ancillae principes, ex usu fugit consulatu. Vis te purto equidem voluptatum.</p>\r\n\r\n<p>Detracto contentiones te est, brute ipsum consul an vis. Mea ei regione blandit ullamcorper, definiebas constituam vix ei. At his ludus nonumes gloriatur. Ne vim tamquam nonumes.</p>\r\n','','<p>Lorem ipsum dolor sit amet, an labores explicari qui, eu nostrum copiosae argumentum has. Latine propriae quo no, unum ridens expetenda id sit, at usu eius eligendi singulis. Sea ocurreret principes ne. At nonumy aperiri pri, nam quodsi copiosae intellegebat et, ex deserunt euripidis usu. Per ad ullum lobortis.</p>\r\n','','','','','','','',0,0,1,16),(47,'Safa Leather Winter Hand Gloves','Pink Polyester Long Sleeve Jacket','','15',13,'product-featured-47.jpg','<p>Lorem ipsum dolor sit amet, an labores explicari qui, eu nostrum copiosae argumentum has. Latine propriae quo no, unum ridens expetenda id sit, at usu eius eligendi singulis. Sea ocurreret principes ne. At nonumy aperiri pri, nam quodsi copiosae intellegebat et, ex deserunt euripidis usu. Per ad ullum lobortis. Duo volutpat imperdiet ut, postea salutatus imperdiet ut per, ad utinam debitis invenire has.</p>\r\n\r\n<p>Liber utroque vim an, ne his brute vivendo, est fabulas consetetur appellantur an. In dolore legendos quo, ne ferri noluisse sed. Tantas eligendi at ius. Purto ipsum nemore sit ad.</p>\r\n\r\n<p>Vix tale noluisse voluptua ad, ne brute altera democritum cum. Omnes ornatus qui et, te aeterno discere ocurreret sea. Tollit cetero cu usu, etiam evertitur id nec. Id pro unum pertinax oportere, vel ad ridens mollis. Ad ius meis suavitate voluptaria.</p>\r\n\r\n<p>Mei ut errem legimus periculis, eos liber epicurei necessitatibus eu, facilisi postulant vel no. Ad mea commune disputando, cu vel choro exerci. Pri et oratio iisque atomorum, enim detracto mei ne, id eos soleat iudicabit. Ne reque reformidans mei, rebum delicata consequuntur an sit. Sea ad audire utamur. Ut mei ridens minimum intellegat, perpetua euripidis te qui, ad consul intellegebat comprehensam eum.</p>\r\n\r\n<p>Ex vix alienum sadipscing, quod melius philosophia id has. Ad qui quem reprimique, quo possit detracto reprimique no, sint reque officiis ei per. Ea regione commune volutpat pro, fabulas facilis omnesque mei ne. Cu unum detracto comprehensam sea, ad vim ancillae principes, ex usu fugit consulatu. Vis te purto equidem voluptatum.</p>\r\n\r\n<p>Detracto contentiones te est, brute ipsum consul an vis. Mea ei regione blandit ullamcorper, definiebas constituam vix ei. At his ludus nonumes gloriatur. Ne vim tamquam nonumes.</p>\r\n','','<p>Lorem ipsum dolor sit amet, an labores explicari qui, eu nostrum copiosae argumentum has. Latine propriae quo no, unum ridens expetenda id sit, at usu eius eligendi singulis. Sea ocurreret principes ne. At nonumy aperiri pri, nam quodsi copiosae intellegebat et, ex deserunt euripidis usu. Per ad ullum lobortis.</p>\r\n','','','','','','','',0,0,1,16),(48,'Safa Leather Winter Hand Gloves','Pink Polyester Long Sleeve Jacket','','18',18,'product-featured-48.jpg','<p>Lorem ipsum dolor sit amet, an labores explicari qui, eu nostrum copiosae argumentum has. Latine propriae quo no, unum ridens expetenda id sit, at usu eius eligendi singulis. Sea ocurreret principes ne. At nonumy aperiri pri, nam quodsi copiosae intellegebat et, ex deserunt euripidis usu. Per ad ullum lobortis. Duo volutpat imperdiet ut, postea salutatus imperdiet ut per, ad utinam debitis invenire has.</p>\r\n\r\n<p>Liber utroque vim an, ne his brute vivendo, est fabulas consetetur appellantur an. In dolore legendos quo, ne ferri noluisse sed. Tantas eligendi at ius. Purto ipsum nemore sit ad.</p>\r\n\r\n<p>Vix tale noluisse voluptua ad, ne brute altera democritum cum. Omnes ornatus qui et, te aeterno discere ocurreret sea. Tollit cetero cu usu, etiam evertitur id nec. Id pro unum pertinax oportere, vel ad ridens mollis. Ad ius meis suavitate voluptaria.</p>\r\n\r\n<p>Mei ut errem legimus periculis, eos liber epicurei necessitatibus eu, facilisi postulant vel no. Ad mea commune disputando, cu vel choro exerci. Pri et oratio iisque atomorum, enim detracto mei ne, id eos soleat iudicabit. Ne reque reformidans mei, rebum delicata consequuntur an sit. Sea ad audire utamur. Ut mei ridens minimum intellegat, perpetua euripidis te qui, ad consul intellegebat comprehensam eum.</p>\r\n\r\n<p>Ex vix alienum sadipscing, quod melius philosophia id has. Ad qui quem reprimique, quo possit detracto reprimique no, sint reque officiis ei per. Ea regione commune volutpat pro, fabulas facilis omnesque mei ne. Cu unum detracto comprehensam sea, ad vim ancillae principes, ex usu fugit consulatu. Vis te purto equidem voluptatum.</p>\r\n\r\n<p>Detracto contentiones te est, brute ipsum consul an vis. Mea ei regione blandit ullamcorper, definiebas constituam vix ei. At his ludus nonumes gloriatur. Ne vim tamquam nonumes.</p>\r\n','','<p>Lorem ipsum dolor sit amet, an labores explicari qui, eu nostrum copiosae argumentum has. Latine propriae quo no, unum ridens expetenda id sit, at usu eius eligendi singulis. Sea ocurreret principes ne. At nonumy aperiri pri, nam quodsi copiosae intellegebat et, ex deserunt euripidis usu. Per ad ullum lobortis.</p>\r\n','','','','','','','',0,0,1,16),(49,'Aynaghor Black Phillies Jacket for Men','Pink Polyester Long Sleeve Jacket','','30',30,'product-featured-49.jpg','<p>Lorem ipsum dolor sit amet, an labores explicari qui, eu nostrum copiosae argumentum has. Latine propriae quo no, unum ridens expetenda id sit, at usu eius eligendi singulis. Sea ocurreret principes ne. At nonumy aperiri pri, nam quodsi copiosae intellegebat et, ex deserunt euripidis usu. Per ad ullum lobortis. Duo volutpat imperdiet ut, postea salutatus imperdiet ut per, ad utinam debitis invenire has.</p>\r\n\r\n<p>Liber utroque vim an, ne his brute vivendo, est fabulas consetetur appellantur an. In dolore legendos quo, ne ferri noluisse sed. Tantas eligendi at ius. Purto ipsum nemore sit ad.</p>\r\n\r\n<p>Vix tale noluisse voluptua ad, ne brute altera democritum cum. Omnes ornatus qui et, te aeterno discere ocurreret sea. Tollit cetero cu usu, etiam evertitur id nec. Id pro unum pertinax oportere, vel ad ridens mollis. Ad ius meis suavitate voluptaria.</p>\r\n\r\n<p>Mei ut errem legimus periculis, eos liber epicurei necessitatibus eu, facilisi postulant vel no. Ad mea commune disputando, cu vel choro exerci. Pri et oratio iisque atomorum, enim detracto mei ne, id eos soleat iudicabit. Ne reque reformidans mei, rebum delicata consequuntur an sit. Sea ad audire utamur. Ut mei ridens minimum intellegat, perpetua euripidis te qui, ad consul intellegebat comprehensam eum.</p>\r\n\r\n<p>Ex vix alienum sadipscing, quod melius philosophia id has. Ad qui quem reprimique, quo possit detracto reprimique no, sint reque officiis ei per. Ea regione commune volutpat pro, fabulas facilis omnesque mei ne. Cu unum detracto comprehensam sea, ad vim ancillae principes, ex usu fugit consulatu. Vis te purto equidem voluptatum.</p>\r\n\r\n<p>Detracto contentiones te est, brute ipsum consul an vis. Mea ei regione blandit ullamcorper, definiebas constituam vix ei. At his ludus nonumes gloriatur. Ne vim tamquam nonumes.</p>\r\n','','<p>Lorem ipsum dolor sit amet, an labores explicari qui, eu nostrum copiosae argumentum has. Latine propriae quo no, unum ridens expetenda id sit, at usu eius eligendi singulis. Sea ocurreret principes ne. At nonumy aperiri pri, nam quodsi copiosae intellegebat et, ex deserunt euripidis usu. Per ad ullum lobortis.</p>\r\n','','','','','','','',0,0,1,17),(50,'Black PU Leather Jacket For Men','Pink Polyester Long Sleeve Jacket','','32',23,'product-featured-50.jpg','<p>Lorem ipsum dolor sit amet, an labores explicari qui, eu nostrum copiosae argumentum has. Latine propriae quo no, unum ridens expetenda id sit, at usu eius eligendi singulis. Sea ocurreret principes ne. At nonumy aperiri pri, nam quodsi copiosae intellegebat et, ex deserunt euripidis usu. Per ad ullum lobortis. Duo volutpat imperdiet ut, postea salutatus imperdiet ut per, ad utinam debitis invenire has.</p>\r\n\r\n<p>Liber utroque vim an, ne his brute vivendo, est fabulas consetetur appellantur an. In dolore legendos quo, ne ferri noluisse sed. Tantas eligendi at ius. Purto ipsum nemore sit ad.</p>\r\n\r\n<p>Vix tale noluisse voluptua ad, ne brute altera democritum cum. Omnes ornatus qui et, te aeterno discere ocurreret sea. Tollit cetero cu usu, etiam evertitur id nec. Id pro unum pertinax oportere, vel ad ridens mollis. Ad ius meis suavitate voluptaria.</p>\r\n\r\n<p>Mei ut errem legimus periculis, eos liber epicurei necessitatibus eu, facilisi postulant vel no. Ad mea commune disputando, cu vel choro exerci. Pri et oratio iisque atomorum, enim detracto mei ne, id eos soleat iudicabit. Ne reque reformidans mei, rebum delicata consequuntur an sit. Sea ad audire utamur. Ut mei ridens minimum intellegat, perpetua euripidis te qui, ad consul intellegebat comprehensam eum.</p>\r\n\r\n<p>Ex vix alienum sadipscing, quod melius philosophia id has. Ad qui quem reprimique, quo possit detracto reprimique no, sint reque officiis ei per. Ea regione commune volutpat pro, fabulas facilis omnesque mei ne. Cu unum detracto comprehensam sea, ad vim ancillae principes, ex usu fugit consulatu. Vis te purto equidem voluptatum.</p>\r\n\r\n<p>Detracto contentiones te est, brute ipsum consul an vis. Mea ei regione blandit ullamcorper, definiebas constituam vix ei. At his ludus nonumes gloriatur. Ne vim tamquam nonumes.</p>\r\n','','<p>Lorem ipsum dolor sit amet, an labores explicari qui, eu nostrum copiosae argumentum has. Latine propriae quo no, unum ridens expetenda id sit, at usu eius eligendi singulis. Sea ocurreret principes ne. At nonumy aperiri pri, nam quodsi copiosae intellegebat et, ex deserunt euripidis usu. Per ad ullum lobortis.</p>\r\n','','','','','','','',0,0,1,17),(51,'Black Cotton Casual Jacket For Men','Pink Polyester Long Sleeve Jacket','','36',22,'product-featured-51.jpg','<p>Lorem ipsum dolor sit amet, an labores explicari qui, eu nostrum copiosae argumentum has. Latine propriae quo no, unum ridens expetenda id sit, at usu eius eligendi singulis. Sea ocurreret principes ne. At nonumy aperiri pri, nam quodsi copiosae intellegebat et, ex deserunt euripidis usu. Per ad ullum lobortis. Duo volutpat imperdiet ut, postea salutatus imperdiet ut per, ad utinam debitis invenire has.</p>\r\n\r\n<p>Liber utroque vim an, ne his brute vivendo, est fabulas consetetur appellantur an. In dolore legendos quo, ne ferri noluisse sed. Tantas eligendi at ius. Purto ipsum nemore sit ad.</p>\r\n\r\n<p>Vix tale noluisse voluptua ad, ne brute altera democritum cum. Omnes ornatus qui et, te aeterno discere ocurreret sea. Tollit cetero cu usu, etiam evertitur id nec. Id pro unum pertinax oportere, vel ad ridens mollis. Ad ius meis suavitate voluptaria.</p>\r\n\r\n<p>Mei ut errem legimus periculis, eos liber epicurei necessitatibus eu, facilisi postulant vel no. Ad mea commune disputando, cu vel choro exerci. Pri et oratio iisque atomorum, enim detracto mei ne, id eos soleat iudicabit. Ne reque reformidans mei, rebum delicata consequuntur an sit. Sea ad audire utamur. Ut mei ridens minimum intellegat, perpetua euripidis te qui, ad consul intellegebat comprehensam eum.</p>\r\n\r\n<p>Ex vix alienum sadipscing, quod melius philosophia id has. Ad qui quem reprimique, quo possit detracto reprimique no, sint reque officiis ei per. Ea regione commune volutpat pro, fabulas facilis omnesque mei ne. Cu unum detracto comprehensam sea, ad vim ancillae principes, ex usu fugit consulatu. Vis te purto equidem voluptatum.</p>\r\n\r\n<p>Detracto contentiones te est, brute ipsum consul an vis. Mea ei regione blandit ullamcorper, definiebas constituam vix ei. At his ludus nonumes gloriatur. Ne vim tamquam nonumes.</p>\r\n','','<p>Lorem ipsum dolor sit amet, an labores explicari qui, eu nostrum copiosae argumentum has. Latine propriae quo no, unum ridens expetenda id sit, at usu eius eligendi singulis. Sea ocurreret principes ne. At nonumy aperiri pri, nam quodsi copiosae intellegebat et, ex deserunt euripidis usu. Per ad ullum lobortis.</p>\r\n','','','','','','','',0,0,1,17),(52,'Black PU Leather Jacket For Men','Pink Polyester Long Sleeve Jacket','','38',34,'product-featured-52.jpg','<p>Lorem ipsum dolor sit amet, an labores explicari qui, eu nostrum copiosae argumentum has. Latine propriae quo no, unum ridens expetenda id sit, at usu eius eligendi singulis. Sea ocurreret principes ne. At nonumy aperiri pri, nam quodsi copiosae intellegebat et, ex deserunt euripidis usu. Per ad ullum lobortis. Duo volutpat imperdiet ut, postea salutatus imperdiet ut per, ad utinam debitis invenire has.</p>\r\n\r\n<p>Liber utroque vim an, ne his brute vivendo, est fabulas consetetur appellantur an. In dolore legendos quo, ne ferri noluisse sed. Tantas eligendi at ius. Purto ipsum nemore sit ad.</p>\r\n\r\n<p>Vix tale noluisse voluptua ad, ne brute altera democritum cum. Omnes ornatus qui et, te aeterno discere ocurreret sea. Tollit cetero cu usu, etiam evertitur id nec. Id pro unum pertinax oportere, vel ad ridens mollis. Ad ius meis suavitate voluptaria.</p>\r\n\r\n<p>Mei ut errem legimus periculis, eos liber epicurei necessitatibus eu, facilisi postulant vel no. Ad mea commune disputando, cu vel choro exerci. Pri et oratio iisque atomorum, enim detracto mei ne, id eos soleat iudicabit. Ne reque reformidans mei, rebum delicata consequuntur an sit. Sea ad audire utamur. Ut mei ridens minimum intellegat, perpetua euripidis te qui, ad consul intellegebat comprehensam eum.</p>\r\n\r\n<p>Ex vix alienum sadipscing, quod melius philosophia id has. Ad qui quem reprimique, quo possit detracto reprimique no, sint reque officiis ei per. Ea regione commune volutpat pro, fabulas facilis omnesque mei ne. Cu unum detracto comprehensam sea, ad vim ancillae principes, ex usu fugit consulatu. Vis te purto equidem voluptatum.</p>\r\n\r\n<p>Detracto contentiones te est, brute ipsum consul an vis. Mea ei regione blandit ullamcorper, definiebas constituam vix ei. At his ludus nonumes gloriatur. Ne vim tamquam nonumes.</p>\r\n','','<p>Lorem ipsum dolor sit amet, an labores explicari qui, eu nostrum copiosae argumentum has. Latine propriae quo no, unum ridens expetenda id sit, at usu eius eligendi singulis. Sea ocurreret principes ne. At nonumy aperiri pri, nam quodsi copiosae intellegebat et, ex deserunt euripidis usu. Per ad ullum lobortis.</p>\r\n','','','','','','','',0,0,1,17),(53,'Sky Blue Denim Casual Jeans For Men','Pink Polyester Long Sleeve Jacket','','18',34,'product-featured-53.jpg','<p>Lorem ipsum dolor sit amet, an labores explicari qui, eu nostrum copiosae argumentum has. Latine propriae quo no, unum ridens expetenda id sit, at usu eius eligendi singulis. Sea ocurreret principes ne. At nonumy aperiri pri, nam quodsi copiosae intellegebat et, ex deserunt euripidis usu. Per ad ullum lobortis. Duo volutpat imperdiet ut, postea salutatus imperdiet ut per, ad utinam debitis invenire has.</p>\r\n\r\n<p>Liber utroque vim an, ne his brute vivendo, est fabulas consetetur appellantur an. In dolore legendos quo, ne ferri noluisse sed. Tantas eligendi at ius. Purto ipsum nemore sit ad.</p>\r\n\r\n<p>Vix tale noluisse voluptua ad, ne brute altera democritum cum. Omnes ornatus qui et, te aeterno discere ocurreret sea. Tollit cetero cu usu, etiam evertitur id nec. Id pro unum pertinax oportere, vel ad ridens mollis. Ad ius meis suavitate voluptaria.</p>\r\n\r\n<p>Mei ut errem legimus periculis, eos liber epicurei necessitatibus eu, facilisi postulant vel no. Ad mea commune disputando, cu vel choro exerci. Pri et oratio iisque atomorum, enim detracto mei ne, id eos soleat iudicabit. Ne reque reformidans mei, rebum delicata consequuntur an sit. Sea ad audire utamur. Ut mei ridens minimum intellegat, perpetua euripidis te qui, ad consul intellegebat comprehensam eum.</p>\r\n\r\n<p>Ex vix alienum sadipscing, quod melius philosophia id has. Ad qui quem reprimique, quo possit detracto reprimique no, sint reque officiis ei per. Ea regione commune volutpat pro, fabulas facilis omnesque mei ne. Cu unum detracto comprehensam sea, ad vim ancillae principes, ex usu fugit consulatu. Vis te purto equidem voluptatum.</p>\r\n\r\n<p>Detracto contentiones te est, brute ipsum consul an vis. Mea ei regione blandit ullamcorper, definiebas constituam vix ei. At his ludus nonumes gloriatur. Ne vim tamquam nonumes.</p>\r\n','','<p>Lorem ipsum dolor sit amet, an labores explicari qui, eu nostrum copiosae argumentum has. Latine propriae quo no, unum ridens expetenda id sit, at usu eius eligendi singulis. Sea ocurreret principes ne. At nonumy aperiri pri, nam quodsi copiosae intellegebat et, ex deserunt euripidis usu. Per ad ullum lobortis.</p>\r\n','','','','','','','',0,0,1,3),(54,'Ash Cotton Straight Jeans pant For Men','Pink Polyester Long Sleeve Jacket','','14',33,'product-featured-54.jpg','<p>Lorem ipsum dolor sit amet, an labores explicari qui, eu nostrum copiosae argumentum has. Latine propriae quo no, unum ridens expetenda id sit, at usu eius eligendi singulis. Sea ocurreret principes ne. At nonumy aperiri pri, nam quodsi copiosae intellegebat et, ex deserunt euripidis usu. Per ad ullum lobortis. Duo volutpat imperdiet ut, postea salutatus imperdiet ut per, ad utinam debitis invenire has.</p>\r\n\r\n<p>Liber utroque vim an, ne his brute vivendo, est fabulas consetetur appellantur an. In dolore legendos quo, ne ferri noluisse sed. Tantas eligendi at ius. Purto ipsum nemore sit ad.</p>\r\n\r\n<p>Vix tale noluisse voluptua ad, ne brute altera democritum cum. Omnes ornatus qui et, te aeterno discere ocurreret sea. Tollit cetero cu usu, etiam evertitur id nec. Id pro unum pertinax oportere, vel ad ridens mollis. Ad ius meis suavitate voluptaria.</p>\r\n\r\n<p>Mei ut errem legimus periculis, eos liber epicurei necessitatibus eu, facilisi postulant vel no. Ad mea commune disputando, cu vel choro exerci. Pri et oratio iisque atomorum, enim detracto mei ne, id eos soleat iudicabit. Ne reque reformidans mei, rebum delicata consequuntur an sit. Sea ad audire utamur. Ut mei ridens minimum intellegat, perpetua euripidis te qui, ad consul intellegebat comprehensam eum.</p>\r\n\r\n<p>Ex vix alienum sadipscing, quod melius philosophia id has. Ad qui quem reprimique, quo possit detracto reprimique no, sint reque officiis ei per. Ea regione commune volutpat pro, fabulas facilis omnesque mei ne. Cu unum detracto comprehensam sea, ad vim ancillae principes, ex usu fugit consulatu. Vis te purto equidem voluptatum.</p>\r\n\r\n<p>Detracto contentiones te est, brute ipsum consul an vis. Mea ei regione blandit ullamcorper, definiebas constituam vix ei. At his ludus nonumes gloriatur. Ne vim tamquam nonumes.</p>\r\n','','<p>Lorem ipsum dolor sit amet, an labores explicari qui, eu nostrum copiosae argumentum has. Latine propriae quo no, unum ridens expetenda id sit, at usu eius eligendi singulis. Sea ocurreret principes ne. At nonumy aperiri pri, nam quodsi copiosae intellegebat et, ex deserunt euripidis usu. Per ad ullum lobortis.</p>\r\n','','','','','','','',0,0,1,3),(55,'Navy Blue Cotton Jeans For Men','Pink Polyester Long Sleeve Jacket','','15',34,'product-featured-55.jpg','<p>Lorem ipsum dolor sit amet, an labores explicari qui, eu nostrum copiosae argumentum has. Latine propriae quo no, unum ridens expetenda id sit, at usu eius eligendi singulis. Sea ocurreret principes ne. At nonumy aperiri pri, nam quodsi copiosae intellegebat et, ex deserunt euripidis usu. Per ad ullum lobortis. Duo volutpat imperdiet ut, postea salutatus imperdiet ut per, ad utinam debitis invenire has.</p>\r\n\r\n<p>Liber utroque vim an, ne his brute vivendo, est fabulas consetetur appellantur an. In dolore legendos quo, ne ferri noluisse sed. Tantas eligendi at ius. Purto ipsum nemore sit ad.</p>\r\n\r\n<p>Vix tale noluisse voluptua ad, ne brute altera democritum cum. Omnes ornatus qui et, te aeterno discere ocurreret sea. Tollit cetero cu usu, etiam evertitur id nec. Id pro unum pertinax oportere, vel ad ridens mollis. Ad ius meis suavitate voluptaria.</p>\r\n\r\n<p>Mei ut errem legimus periculis, eos liber epicurei necessitatibus eu, facilisi postulant vel no. Ad mea commune disputando, cu vel choro exerci. Pri et oratio iisque atomorum, enim detracto mei ne, id eos soleat iudicabit. Ne reque reformidans mei, rebum delicata consequuntur an sit. Sea ad audire utamur. Ut mei ridens minimum intellegat, perpetua euripidis te qui, ad consul intellegebat comprehensam eum.</p>\r\n\r\n<p>Ex vix alienum sadipscing, quod melius philosophia id has. Ad qui quem reprimique, quo possit detracto reprimique no, sint reque officiis ei per. Ea regione commune volutpat pro, fabulas facilis omnesque mei ne. Cu unum detracto comprehensam sea, ad vim ancillae principes, ex usu fugit consulatu. Vis te purto equidem voluptatum.</p>\r\n\r\n<p>Detracto contentiones te est, brute ipsum consul an vis. Mea ei regione blandit ullamcorper, definiebas constituam vix ei. At his ludus nonumes gloriatur. Ne vim tamquam nonumes.</p>\r\n','','<p>Lorem ipsum dolor sit amet, an labores explicari qui, eu nostrum copiosae argumentum has. Latine propriae quo no, unum ridens expetenda id sit, at usu eius eligendi singulis. Sea ocurreret principes ne. At nonumy aperiri pri, nam quodsi copiosae intellegebat et, ex deserunt euripidis usu. Per ad ullum lobortis.</p>\r\n','','','','','','','',0,0,1,3),(56,'Sky Blue Denim Casual Jeans Pant for Men','Pink Polyester Long Sleeve Jacket','','12',33,'product-featured-56.jpg','<p>Lorem ipsum dolor sit amet, an labores explicari qui, eu nostrum copiosae argumentum has. Latine propriae quo no, unum ridens expetenda id sit, at usu eius eligendi singulis. Sea ocurreret principes ne. At nonumy aperiri pri, nam quodsi copiosae intellegebat et, ex deserunt euripidis usu. Per ad ullum lobortis. Duo volutpat imperdiet ut, postea salutatus imperdiet ut per, ad utinam debitis invenire has.</p>\r\n\r\n<p>Liber utroque vim an, ne his brute vivendo, est fabulas consetetur appellantur an. In dolore legendos quo, ne ferri noluisse sed. Tantas eligendi at ius. Purto ipsum nemore sit ad.</p>\r\n\r\n<p>Vix tale noluisse voluptua ad, ne brute altera democritum cum. Omnes ornatus qui et, te aeterno discere ocurreret sea. Tollit cetero cu usu, etiam evertitur id nec. Id pro unum pertinax oportere, vel ad ridens mollis. Ad ius meis suavitate voluptaria.</p>\r\n\r\n<p>Mei ut errem legimus periculis, eos liber epicurei necessitatibus eu, facilisi postulant vel no. Ad mea commune disputando, cu vel choro exerci. Pri et oratio iisque atomorum, enim detracto mei ne, id eos soleat iudicabit. Ne reque reformidans mei, rebum delicata consequuntur an sit. Sea ad audire utamur. Ut mei ridens minimum intellegat, perpetua euripidis te qui, ad consul intellegebat comprehensam eum.</p>\r\n\r\n<p>Ex vix alienum sadipscing, quod melius philosophia id has. Ad qui quem reprimique, quo possit detracto reprimique no, sint reque officiis ei per. Ea regione commune volutpat pro, fabulas facilis omnesque mei ne. Cu unum detracto comprehensam sea, ad vim ancillae principes, ex usu fugit consulatu. Vis te purto equidem voluptatum.</p>\r\n\r\n<p>Detracto contentiones te est, brute ipsum consul an vis. Mea ei regione blandit ullamcorper, definiebas constituam vix ei. At his ludus nonumes gloriatur. Ne vim tamquam nonumes.</p>\r\n','','<p>Lorem ipsum dolor sit amet, an labores explicari qui, eu nostrum copiosae argumentum has. Latine propriae quo no, unum ridens expetenda id sit, at usu eius eligendi singulis. Sea ocurreret principes ne. At nonumy aperiri pri, nam quodsi copiosae intellegebat et, ex deserunt euripidis usu. Per ad ullum lobortis.</p>\r\n','','','','','','','',0,0,1,3),(57,'2 Couple Stylish LED Bracelet Watch','Pink Polyester Long Sleeve Jacket','','12',34,'product-featured-57.jpg','<p>Lorem ipsum dolor sit amet, an labores explicari qui, eu nostrum copiosae argumentum has. Latine propriae quo no, unum ridens expetenda id sit, at usu eius eligendi singulis. Sea ocurreret principes ne. At nonumy aperiri pri, nam quodsi copiosae intellegebat et, ex deserunt euripidis usu. Per ad ullum lobortis. Duo volutpat imperdiet ut, postea salutatus imperdiet ut per, ad utinam debitis invenire has.</p>\r\n\r\n<p>Liber utroque vim an, ne his brute vivendo, est fabulas consetetur appellantur an. In dolore legendos quo, ne ferri noluisse sed. Tantas eligendi at ius. Purto ipsum nemore sit ad.</p>\r\n\r\n<p>Vix tale noluisse voluptua ad, ne brute altera democritum cum. Omnes ornatus qui et, te aeterno discere ocurreret sea. Tollit cetero cu usu, etiam evertitur id nec. Id pro unum pertinax oportere, vel ad ridens mollis. Ad ius meis suavitate voluptaria.</p>\r\n\r\n<p>Mei ut errem legimus periculis, eos liber epicurei necessitatibus eu, facilisi postulant vel no. Ad mea commune disputando, cu vel choro exerci. Pri et oratio iisque atomorum, enim detracto mei ne, id eos soleat iudicabit. Ne reque reformidans mei, rebum delicata consequuntur an sit. Sea ad audire utamur. Ut mei ridens minimum intellegat, perpetua euripidis te qui, ad consul intellegebat comprehensam eum.</p>\r\n\r\n<p>Ex vix alienum sadipscing, quod melius philosophia id has. Ad qui quem reprimique, quo possit detracto reprimique no, sint reque officiis ei per. Ea regione commune volutpat pro, fabulas facilis omnesque mei ne. Cu unum detracto comprehensam sea, ad vim ancillae principes, ex usu fugit consulatu. Vis te purto equidem voluptatum.</p>\r\n\r\n<p>Detracto contentiones te est, brute ipsum consul an vis. Mea ei regione blandit ullamcorper, definiebas constituam vix ei. At his ludus nonumes gloriatur. Ne vim tamquam nonumes.</p>\r\n','','<p>Lorem ipsum dolor sit amet, an labores explicari qui, eu nostrum copiosae argumentum has. Latine propriae quo no, unum ridens expetenda id sit, at usu eius eligendi singulis. Sea ocurreret principes ne. At nonumy aperiri pri, nam quodsi copiosae intellegebat et, ex deserunt euripidis usu. Per ad ullum lobortis.</p>\r\n','','','','','','','',1,0,1,18),(58,'Casio AE-1000W-1AV Rubber Digital Watch','Pink Polyester Long Sleeve Jacket','','40',34,'product-featured-58.jpg','<p>Lorem ipsum dolor sit amet, an labores explicari qui, eu nostrum copiosae argumentum has. Latine propriae quo no, unum ridens expetenda id sit, at usu eius eligendi singulis. Sea ocurreret principes ne. At nonumy aperiri pri, nam quodsi copiosae intellegebat et, ex deserunt euripidis usu. Per ad ullum lobortis. Duo volutpat imperdiet ut, postea salutatus imperdiet ut per, ad utinam debitis invenire has.</p>\r\n\r\n<p>Liber utroque vim an, ne his brute vivendo, est fabulas consetetur appellantur an. In dolore legendos quo, ne ferri noluisse sed. Tantas eligendi at ius. Purto ipsum nemore sit ad.</p>\r\n\r\n<p>Vix tale noluisse voluptua ad, ne brute altera democritum cum. Omnes ornatus qui et, te aeterno discere ocurreret sea. Tollit cetero cu usu, etiam evertitur id nec. Id pro unum pertinax oportere, vel ad ridens mollis. Ad ius meis suavitate voluptaria.</p>\r\n\r\n<p>Mei ut errem legimus periculis, eos liber epicurei necessitatibus eu, facilisi postulant vel no. Ad mea commune disputando, cu vel choro exerci. Pri et oratio iisque atomorum, enim detracto mei ne, id eos soleat iudicabit. Ne reque reformidans mei, rebum delicata consequuntur an sit. Sea ad audire utamur. Ut mei ridens minimum intellegat, perpetua euripidis te qui, ad consul intellegebat comprehensam eum.</p>\r\n\r\n<p>Ex vix alienum sadipscing, quod melius philosophia id has. Ad qui quem reprimique, quo possit detracto reprimique no, sint reque officiis ei per. Ea regione commune volutpat pro, fabulas facilis omnesque mei ne. Cu unum detracto comprehensam sea, ad vim ancillae principes, ex usu fugit consulatu. Vis te purto equidem voluptatum.</p>\r\n\r\n<p>Detracto contentiones te est, brute ipsum consul an vis. Mea ei regione blandit ullamcorper, definiebas constituam vix ei. At his ludus nonumes gloriatur. Ne vim tamquam nonumes.</p>\r\n','','<p>Lorem ipsum dolor sit amet, an labores explicari qui, eu nostrum copiosae argumentum has. Latine propriae quo no, unum ridens expetenda id sit, at usu eius eligendi singulis. Sea ocurreret principes ne. At nonumy aperiri pri, nam quodsi copiosae intellegebat et, ex deserunt euripidis usu. Per ad ullum lobortis.</p>\r\n','','','','','','','',0,0,1,18),(59,'Iron Man Digital Wrist Watch','Pink Polyester Long Sleeve Jacket','','16',38,'product-featured-59.jpg','<p>Lorem ipsum dolor sit amet, an labores explicari qui, eu nostrum copiosae argumentum has. Latine propriae quo no, unum ridens expetenda id sit, at usu eius eligendi singulis. Sea ocurreret principes ne. At nonumy aperiri pri, nam quodsi copiosae intellegebat et, ex deserunt euripidis usu. Per ad ullum lobortis. Duo volutpat imperdiet ut, postea salutatus imperdiet ut per, ad utinam debitis invenire has.</p>\r\n\r\n<p>Liber utroque vim an, ne his brute vivendo, est fabulas consetetur appellantur an. In dolore legendos quo, ne ferri noluisse sed. Tantas eligendi at ius. Purto ipsum nemore sit ad.</p>\r\n\r\n<p>Vix tale noluisse voluptua ad, ne brute altera democritum cum. Omnes ornatus qui et, te aeterno discere ocurreret sea. Tollit cetero cu usu, etiam evertitur id nec. Id pro unum pertinax oportere, vel ad ridens mollis. Ad ius meis suavitate voluptaria.</p>\r\n\r\n<p>Mei ut errem legimus periculis, eos liber epicurei necessitatibus eu, facilisi postulant vel no. Ad mea commune disputando, cu vel choro exerci. Pri et oratio iisque atomorum, enim detracto mei ne, id eos soleat iudicabit. Ne reque reformidans mei, rebum delicata consequuntur an sit. Sea ad audire utamur. Ut mei ridens minimum intellegat, perpetua euripidis te qui, ad consul intellegebat comprehensam eum.</p>\r\n\r\n<p>Ex vix alienum sadipscing, quod melius philosophia id has. Ad qui quem reprimique, quo possit detracto reprimique no, sint reque officiis ei per. Ea regione commune volutpat pro, fabulas facilis omnesque mei ne. Cu unum detracto comprehensam sea, ad vim ancillae principes, ex usu fugit consulatu. Vis te purto equidem voluptatum.</p>\r\n\r\n<p>Detracto contentiones te est, brute ipsum consul an vis. Mea ei regione blandit ullamcorper, definiebas constituam vix ei. At his ludus nonumes gloriatur. Ne vim tamquam nonumes.</p>\r\n','','<p>Lorem ipsum dolor sit amet, an labores explicari qui, eu nostrum copiosae argumentum has. Latine propriae quo no, unum ridens expetenda id sit, at usu eius eligendi singulis. Sea ocurreret principes ne. At nonumy aperiri pri, nam quodsi copiosae intellegebat et, ex deserunt euripidis usu. Per ad ullum lobortis.</p>\r\n','','','','','','','',0,0,1,18),(60,'Fitness Tracker Alarm Clock IOS for Health','Pink Polyester Long Sleeve Jacket','','45',34,'product-featured-60.jpg','<p>Lorem ipsum dolor sit amet, an labores explicari qui, eu nostrum copiosae argumentum has. Latine propriae quo no, unum ridens expetenda id sit, at usu eius eligendi singulis. Sea ocurreret principes ne. At nonumy aperiri pri, nam quodsi copiosae intellegebat et, ex deserunt euripidis usu. Per ad ullum lobortis. Duo volutpat imperdiet ut, postea salutatus imperdiet ut per, ad utinam debitis invenire has.</p>\r\n\r\n<p>Liber utroque vim an, ne his brute vivendo, est fabulas consetetur appellantur an. In dolore legendos quo, ne ferri noluisse sed. Tantas eligendi at ius. Purto ipsum nemore sit ad.</p>\r\n\r\n<p>Vix tale noluisse voluptua ad, ne brute altera democritum cum. Omnes ornatus qui et, te aeterno discere ocurreret sea. Tollit cetero cu usu, etiam evertitur id nec. Id pro unum pertinax oportere, vel ad ridens mollis. Ad ius meis suavitate voluptaria.</p>\r\n\r\n<p>Mei ut errem legimus periculis, eos liber epicurei necessitatibus eu, facilisi postulant vel no. Ad mea commune disputando, cu vel choro exerci. Pri et oratio iisque atomorum, enim detracto mei ne, id eos soleat iudicabit. Ne reque reformidans mei, rebum delicata consequuntur an sit. Sea ad audire utamur. Ut mei ridens minimum intellegat, perpetua euripidis te qui, ad consul intellegebat comprehensam eum.</p>\r\n\r\n<p>Ex vix alienum sadipscing, quod melius philosophia id has. Ad qui quem reprimique, quo possit detracto reprimique no, sint reque officiis ei per. Ea regione commune volutpat pro, fabulas facilis omnesque mei ne. Cu unum detracto comprehensam sea, ad vim ancillae principes, ex usu fugit consulatu. Vis te purto equidem voluptatum.</p>\r\n\r\n<p>Detracto contentiones te est, brute ipsum consul an vis. Mea ei regione blandit ullamcorper, definiebas constituam vix ei. At his ludus nonumes gloriatur. Ne vim tamquam nonumes.</p>\r\n','','<p>Lorem ipsum dolor sit amet, an labores explicari qui, eu nostrum copiosae argumentum has. Latine propriae quo no, unum ridens expetenda id sit, at usu eius eligendi singulis. Sea ocurreret principes ne. At nonumy aperiri pri, nam quodsi copiosae intellegebat et, ex deserunt euripidis usu. Per ad ullum lobortis.</p>\r\n','','','','','','','',0,0,1,19),(61,'M.S. Collection A1 SmartWatch','Pink Polyester Long Sleeve Jacket','','29',38,'product-featured-61.jpg','<p>Lorem ipsum dolor sit amet, an labores explicari qui, eu nostrum copiosae argumentum has. Latine propriae quo no, unum ridens expetenda id sit, at usu eius eligendi singulis. Sea ocurreret principes ne. At nonumy aperiri pri, nam quodsi copiosae intellegebat et, ex deserunt euripidis usu. Per ad ullum lobortis. Duo volutpat imperdiet ut, postea salutatus imperdiet ut per, ad utinam debitis invenire has.</p>\r\n\r\n<p>Liber utroque vim an, ne his brute vivendo, est fabulas consetetur appellantur an. In dolore legendos quo, ne ferri noluisse sed. Tantas eligendi at ius. Purto ipsum nemore sit ad.</p>\r\n\r\n<p>Vix tale noluisse voluptua ad, ne brute altera democritum cum. Omnes ornatus qui et, te aeterno discere ocurreret sea. Tollit cetero cu usu, etiam evertitur id nec. Id pro unum pertinax oportere, vel ad ridens mollis. Ad ius meis suavitate voluptaria.</p>\r\n\r\n<p>Mei ut errem legimus periculis, eos liber epicurei necessitatibus eu, facilisi postulant vel no. Ad mea commune disputando, cu vel choro exerci. Pri et oratio iisque atomorum, enim detracto mei ne, id eos soleat iudicabit. Ne reque reformidans mei, rebum delicata consequuntur an sit. Sea ad audire utamur. Ut mei ridens minimum intellegat, perpetua euripidis te qui, ad consul intellegebat comprehensam eum.</p>\r\n\r\n<p>Ex vix alienum sadipscing, quod melius philosophia id has. Ad qui quem reprimique, quo possit detracto reprimique no, sint reque officiis ei per. Ea regione commune volutpat pro, fabulas facilis omnesque mei ne. Cu unum detracto comprehensam sea, ad vim ancillae principes, ex usu fugit consulatu. Vis te purto equidem voluptatum.</p>\r\n\r\n<p>Detracto contentiones te est, brute ipsum consul an vis. Mea ei regione blandit ullamcorper, definiebas constituam vix ei. At his ludus nonumes gloriatur. Ne vim tamquam nonumes.</p>\r\n','','<p>Lorem ipsum dolor sit amet, an labores explicari qui, eu nostrum copiosae argumentum has. Latine propriae quo no, unum ridens expetenda id sit, at usu eius eligendi singulis. Sea ocurreret principes ne. At nonumy aperiri pri, nam quodsi copiosae intellegebat et, ex deserunt euripidis usu. Per ad ullum lobortis.</p>\r\n','','','','','','','',0,0,1,19),(62,'Camera Zone Hidden Camera Watch - Silver','Pink Polyester Long Sleeve Jacket','','34',34,'product-featured-62.jpg','<p>Lorem ipsum dolor sit amet, an labores explicari qui, eu nostrum copiosae argumentum has. Latine propriae quo no, unum ridens expetenda id sit, at usu eius eligendi singulis. Sea ocurreret principes ne. At nonumy aperiri pri, nam quodsi copiosae intellegebat et, ex deserunt euripidis usu. Per ad ullum lobortis. Duo volutpat imperdiet ut, postea salutatus imperdiet ut per, ad utinam debitis invenire has.</p>\r\n\r\n<p>Liber utroque vim an, ne his brute vivendo, est fabulas consetetur appellantur an. In dolore legendos quo, ne ferri noluisse sed. Tantas eligendi at ius. Purto ipsum nemore sit ad.</p>\r\n\r\n<p>Vix tale noluisse voluptua ad, ne brute altera democritum cum. Omnes ornatus qui et, te aeterno discere ocurreret sea. Tollit cetero cu usu, etiam evertitur id nec. Id pro unum pertinax oportere, vel ad ridens mollis. Ad ius meis suavitate voluptaria.</p>\r\n\r\n<p>Mei ut errem legimus periculis, eos liber epicurei necessitatibus eu, facilisi postulant vel no. Ad mea commune disputando, cu vel choro exerci. Pri et oratio iisque atomorum, enim detracto mei ne, id eos soleat iudicabit. Ne reque reformidans mei, rebum delicata consequuntur an sit. Sea ad audire utamur. Ut mei ridens minimum intellegat, perpetua euripidis te qui, ad consul intellegebat comprehensam eum.</p>\r\n\r\n<p>Ex vix alienum sadipscing, quod melius philosophia id has. Ad qui quem reprimique, quo possit detracto reprimique no, sint reque officiis ei per. Ea regione commune volutpat pro, fabulas facilis omnesque mei ne. Cu unum detracto comprehensam sea, ad vim ancillae principes, ex usu fugit consulatu. Vis te purto equidem voluptatum.</p>\r\n\r\n<p>Detracto contentiones te est, brute ipsum consul an vis. Mea ei regione blandit ullamcorper, definiebas constituam vix ei. At his ludus nonumes gloriatur. Ne vim tamquam nonumes.</p>\r\n','','<p>Lorem ipsum dolor sit amet, an labores explicari qui, eu nostrum copiosae argumentum has. Latine propriae quo no, unum ridens expetenda id sit, at usu eius eligendi singulis. Sea ocurreret principes ne. At nonumy aperiri pri, nam quodsi copiosae intellegebat et, ex deserunt euripidis usu. Per ad ullum lobortis.</p>\r\n','','','','','','','',0,0,1,19),(63,'Apex Sandra Rosa Black Leather Sandal','Pink Polyester Long Sleeve Jacket','','23',34,'product-featured-63.jpg','<p>Lorem ipsum dolor sit amet, an labores explicari qui, eu nostrum copiosae argumentum has. Latine propriae quo no, unum ridens expetenda id sit, at usu eius eligendi singulis. Sea ocurreret principes ne. At nonumy aperiri pri, nam quodsi copiosae intellegebat et, ex deserunt euripidis usu. Per ad ullum lobortis. Duo volutpat imperdiet ut, postea salutatus imperdiet ut per, ad utinam debitis invenire has.</p>\r\n\r\n<p>Liber utroque vim an, ne his brute vivendo, est fabulas consetetur appellantur an. In dolore legendos quo, ne ferri noluisse sed. Tantas eligendi at ius. Purto ipsum nemore sit ad.</p>\r\n\r\n<p>Vix tale noluisse voluptua ad, ne brute altera democritum cum. Omnes ornatus qui et, te aeterno discere ocurreret sea. Tollit cetero cu usu, etiam evertitur id nec. Id pro unum pertinax oportere, vel ad ridens mollis. Ad ius meis suavitate voluptaria.</p>\r\n\r\n<p>Mei ut errem legimus periculis, eos liber epicurei necessitatibus eu, facilisi postulant vel no. Ad mea commune disputando, cu vel choro exerci. Pri et oratio iisque atomorum, enim detracto mei ne, id eos soleat iudicabit. Ne reque reformidans mei, rebum delicata consequuntur an sit. Sea ad audire utamur. Ut mei ridens minimum intellegat, perpetua euripidis te qui, ad consul intellegebat comprehensam eum.</p>\r\n\r\n<p>Ex vix alienum sadipscing, quod melius philosophia id has. Ad qui quem reprimique, quo possit detracto reprimique no, sint reque officiis ei per. Ea regione commune volutpat pro, fabulas facilis omnesque mei ne. Cu unum detracto comprehensam sea, ad vim ancillae principes, ex usu fugit consulatu. Vis te purto equidem voluptatum.</p>\r\n\r\n<p>Detracto contentiones te est, brute ipsum consul an vis. Mea ei regione blandit ullamcorper, definiebas constituam vix ei. At his ludus nonumes gloriatur. Ne vim tamquam nonumes.</p>\r\n','','<p>Lorem ipsum dolor sit amet, an labores explicari qui, eu nostrum copiosae argumentum has. Latine propriae quo no, unum ridens expetenda id sit, at usu eius eligendi singulis. Sea ocurreret principes ne. At nonumy aperiri pri, nam quodsi copiosae intellegebat et, ex deserunt euripidis usu. Per ad ullum lobortis.</p>\r\n','','','','','','','',0,0,1,12),(64,'Dark Red Artificial Leather Sandal','Pink Polyester Long Sleeve Jacket','','24',34,'product-featured-64.jpg','<p>Lorem ipsum dolor sit amet, an labores explicari qui, eu nostrum copiosae argumentum has. Latine propriae quo no, unum ridens expetenda id sit, at usu eius eligendi singulis. Sea ocurreret principes ne. At nonumy aperiri pri, nam quodsi copiosae intellegebat et, ex deserunt euripidis usu. Per ad ullum lobortis. Duo volutpat imperdiet ut, postea salutatus imperdiet ut per, ad utinam debitis invenire has.</p>\r\n\r\n<p>Liber utroque vim an, ne his brute vivendo, est fabulas consetetur appellantur an. In dolore legendos quo, ne ferri noluisse sed. Tantas eligendi at ius. Purto ipsum nemore sit ad.</p>\r\n\r\n<p>Vix tale noluisse voluptua ad, ne brute altera democritum cum. Omnes ornatus qui et, te aeterno discere ocurreret sea. Tollit cetero cu usu, etiam evertitur id nec. Id pro unum pertinax oportere, vel ad ridens mollis. Ad ius meis suavitate voluptaria.</p>\r\n\r\n<p>Mei ut errem legimus periculis, eos liber epicurei necessitatibus eu, facilisi postulant vel no. Ad mea commune disputando, cu vel choro exerci. Pri et oratio iisque atomorum, enim detracto mei ne, id eos soleat iudicabit. Ne reque reformidans mei, rebum delicata consequuntur an sit. Sea ad audire utamur. Ut mei ridens minimum intellegat, perpetua euripidis te qui, ad consul intellegebat comprehensam eum.</p>\r\n\r\n<p>Ex vix alienum sadipscing, quod melius philosophia id has. Ad qui quem reprimique, quo possit detracto reprimique no, sint reque officiis ei per. Ea regione commune volutpat pro, fabulas facilis omnesque mei ne. Cu unum detracto comprehensam sea, ad vim ancillae principes, ex usu fugit consulatu. Vis te purto equidem voluptatum.</p>\r\n\r\n<p>Detracto contentiones te est, brute ipsum consul an vis. Mea ei regione blandit ullamcorper, definiebas constituam vix ei. At his ludus nonumes gloriatur. Ne vim tamquam nonumes.</p>\r\n','','<p>Lorem ipsum dolor sit amet, an labores explicari qui, eu nostrum copiosae argumentum has. Latine propriae quo no, unum ridens expetenda id sit, at usu eius eligendi singulis. Sea ocurreret principes ne. At nonumy aperiri pri, nam quodsi copiosae intellegebat et, ex deserunt euripidis usu. Per ad ullum lobortis.</p>\r\n','','','','','','','',0,0,1,12),(65,'Golden Artificial Leather Moccasin For Women','Pink Polyester Long Sleeve Jacket','','29',34,'product-featured-65.jpg','<p>Lorem ipsum dolor sit amet, an labores explicari qui, eu nostrum copiosae argumentum has. Latine propriae quo no, unum ridens expetenda id sit, at usu eius eligendi singulis. Sea ocurreret principes ne. At nonumy aperiri pri, nam quodsi copiosae intellegebat et, ex deserunt euripidis usu. Per ad ullum lobortis. Duo volutpat imperdiet ut, postea salutatus imperdiet ut per, ad utinam debitis invenire has.</p>\r\n\r\n<p>Liber utroque vim an, ne his brute vivendo, est fabulas consetetur appellantur an. In dolore legendos quo, ne ferri noluisse sed. Tantas eligendi at ius. Purto ipsum nemore sit ad.</p>\r\n\r\n<p>Vix tale noluisse voluptua ad, ne brute altera democritum cum. Omnes ornatus qui et, te aeterno discere ocurreret sea. Tollit cetero cu usu, etiam evertitur id nec. Id pro unum pertinax oportere, vel ad ridens mollis. Ad ius meis suavitate voluptaria.</p>\r\n\r\n<p>Mei ut errem legimus periculis, eos liber epicurei necessitatibus eu, facilisi postulant vel no. Ad mea commune disputando, cu vel choro exerci. Pri et oratio iisque atomorum, enim detracto mei ne, id eos soleat iudicabit. Ne reque reformidans mei, rebum delicata consequuntur an sit. Sea ad audire utamur. Ut mei ridens minimum intellegat, perpetua euripidis te qui, ad consul intellegebat comprehensam eum.</p>\r\n\r\n<p>Ex vix alienum sadipscing, quod melius philosophia id has. Ad qui quem reprimique, quo possit detracto reprimique no, sint reque officiis ei per. Ea regione commune volutpat pro, fabulas facilis omnesque mei ne. Cu unum detracto comprehensam sea, ad vim ancillae principes, ex usu fugit consulatu. Vis te purto equidem voluptatum.</p>\r\n\r\n<p>Detracto contentiones te est, brute ipsum consul an vis. Mea ei regione blandit ullamcorper, definiebas constituam vix ei. At his ludus nonumes gloriatur. Ne vim tamquam nonumes.</p>\r\n','','<p>Lorem ipsum dolor sit amet, an labores explicari qui, eu nostrum copiosae argumentum has. Latine propriae quo no, unum ridens expetenda id sit, at usu eius eligendi singulis. Sea ocurreret principes ne. At nonumy aperiri pri, nam quodsi copiosae intellegebat et, ex deserunt euripidis usu. Per ad ullum lobortis.</p>\r\n','','','','','','','',0,0,1,12),(66,'Gold Leather High Heel For Women','Pink Polyester Long Sleeve Jacket','','21',34,'product-featured-66.jpg','<p>Lorem ipsum dolor sit amet, an labores explicari qui, eu nostrum copiosae argumentum has. Latine propriae quo no, unum ridens expetenda id sit, at usu eius eligendi singulis. Sea ocurreret principes ne. At nonumy aperiri pri, nam quodsi copiosae intellegebat et, ex deserunt euripidis usu. Per ad ullum lobortis. Duo volutpat imperdiet ut, postea salutatus imperdiet ut per, ad utinam debitis invenire has.</p>\r\n\r\n<p>Liber utroque vim an, ne his brute vivendo, est fabulas consetetur appellantur an. In dolore legendos quo, ne ferri noluisse sed. Tantas eligendi at ius. Purto ipsum nemore sit ad.</p>\r\n\r\n<p>Vix tale noluisse voluptua ad, ne brute altera democritum cum. Omnes ornatus qui et, te aeterno discere ocurreret sea. Tollit cetero cu usu, etiam evertitur id nec. Id pro unum pertinax oportere, vel ad ridens mollis. Ad ius meis suavitate voluptaria.</p>\r\n\r\n<p>Mei ut errem legimus periculis, eos liber epicurei necessitatibus eu, facilisi postulant vel no. Ad mea commune disputando, cu vel choro exerci. Pri et oratio iisque atomorum, enim detracto mei ne, id eos soleat iudicabit. Ne reque reformidans mei, rebum delicata consequuntur an sit. Sea ad audire utamur. Ut mei ridens minimum intellegat, perpetua euripidis te qui, ad consul intellegebat comprehensam eum.</p>\r\n\r\n<p>Ex vix alienum sadipscing, quod melius philosophia id has. Ad qui quem reprimique, quo possit detracto reprimique no, sint reque officiis ei per. Ea regione commune volutpat pro, fabulas facilis omnesque mei ne. Cu unum detracto comprehensam sea, ad vim ancillae principes, ex usu fugit consulatu. Vis te purto equidem voluptatum.</p>\r\n\r\n<p>Detracto contentiones te est, brute ipsum consul an vis. Mea ei regione blandit ullamcorper, definiebas constituam vix ei. At his ludus nonumes gloriatur. Ne vim tamquam nonumes.</p>\r\n','','<p>Lorem ipsum dolor sit amet, an labores explicari qui, eu nostrum copiosae argumentum has. Latine propriae quo no, unum ridens expetenda id sit, at usu eius eligendi singulis. Sea ocurreret principes ne. At nonumy aperiri pri, nam quodsi copiosae intellegebat et, ex deserunt euripidis usu. Per ad ullum lobortis.</p>\r\n','','','','','','','',0,0,1,13),(67,'Apex Moochie Leather Casual High Heel','Pink Polyester Long Sleeve Jacket','','23',34,'product-featured-67.jpg','<p>Lorem ipsum dolor sit amet, an labores explicari qui, eu nostrum copiosae argumentum has. Latine propriae quo no, unum ridens expetenda id sit, at usu eius eligendi singulis. Sea ocurreret principes ne. At nonumy aperiri pri, nam quodsi copiosae intellegebat et, ex deserunt euripidis usu. Per ad ullum lobortis. Duo volutpat imperdiet ut, postea salutatus imperdiet ut per, ad utinam debitis invenire has.</p>\r\n\r\n<p>Liber utroque vim an, ne his brute vivendo, est fabulas consetetur appellantur an. In dolore legendos quo, ne ferri noluisse sed. Tantas eligendi at ius. Purto ipsum nemore sit ad.</p>\r\n\r\n<p>Vix tale noluisse voluptua ad, ne brute altera democritum cum. Omnes ornatus qui et, te aeterno discere ocurreret sea. Tollit cetero cu usu, etiam evertitur id nec. Id pro unum pertinax oportere, vel ad ridens mollis. Ad ius meis suavitate voluptaria.</p>\r\n\r\n<p>Mei ut errem legimus periculis, eos liber epicurei necessitatibus eu, facilisi postulant vel no. Ad mea commune disputando, cu vel choro exerci. Pri et oratio iisque atomorum, enim detracto mei ne, id eos soleat iudicabit. Ne reque reformidans mei, rebum delicata consequuntur an sit. Sea ad audire utamur. Ut mei ridens minimum intellegat, perpetua euripidis te qui, ad consul intellegebat comprehensam eum.</p>\r\n\r\n<p>Ex vix alienum sadipscing, quod melius philosophia id has. Ad qui quem reprimique, quo possit detracto reprimique no, sint reque officiis ei per. Ea regione commune volutpat pro, fabulas facilis omnesque mei ne. Cu unum detracto comprehensam sea, ad vim ancillae principes, ex usu fugit consulatu. Vis te purto equidem voluptatum.</p>\r\n\r\n<p>Detracto contentiones te est, brute ipsum consul an vis. Mea ei regione blandit ullamcorper, definiebas constituam vix ei. At his ludus nonumes gloriatur. Ne vim tamquam nonumes.</p>\r\n','','<p>Lorem ipsum dolor sit amet, an labores explicari qui, eu nostrum copiosae argumentum has. Latine propriae quo no, unum ridens expetenda id sit, at usu eius eligendi singulis. Sea ocurreret principes ne. At nonumy aperiri pri, nam quodsi copiosae intellegebat et, ex deserunt euripidis usu. Per ad ullum lobortis.</p>\r\n','','','','','','','',0,0,1,13),(68,'Pink Leather Heeled Sandal For Women','Pink Polyester Long Sleeve Jacket','','30',34,'product-featured-68.jpg','<p>Lorem ipsum dolor sit amet, an labores explicari qui, eu nostrum copiosae argumentum has. Latine propriae quo no, unum ridens expetenda id sit, at usu eius eligendi singulis. Sea ocurreret principes ne. At nonumy aperiri pri, nam quodsi copiosae intellegebat et, ex deserunt euripidis usu. Per ad ullum lobortis. Duo volutpat imperdiet ut, postea salutatus imperdiet ut per, ad utinam debitis invenire has.</p>\r\n\r\n<p>Liber utroque vim an, ne his brute vivendo, est fabulas consetetur appellantur an. In dolore legendos quo, ne ferri noluisse sed. Tantas eligendi at ius. Purto ipsum nemore sit ad.</p>\r\n\r\n<p>Vix tale noluisse voluptua ad, ne brute altera democritum cum. Omnes ornatus qui et, te aeterno discere ocurreret sea. Tollit cetero cu usu, etiam evertitur id nec. Id pro unum pertinax oportere, vel ad ridens mollis. Ad ius meis suavitate voluptaria.</p>\r\n\r\n<p>Mei ut errem legimus periculis, eos liber epicurei necessitatibus eu, facilisi postulant vel no. Ad mea commune disputando, cu vel choro exerci. Pri et oratio iisque atomorum, enim detracto mei ne, id eos soleat iudicabit. Ne reque reformidans mei, rebum delicata consequuntur an sit. Sea ad audire utamur. Ut mei ridens minimum intellegat, perpetua euripidis te qui, ad consul intellegebat comprehensam eum.</p>\r\n\r\n<p>Ex vix alienum sadipscing, quod melius philosophia id has. Ad qui quem reprimique, quo possit detracto reprimique no, sint reque officiis ei per. Ea regione commune volutpat pro, fabulas facilis omnesque mei ne. Cu unum detracto comprehensam sea, ad vim ancillae principes, ex usu fugit consulatu. Vis te purto equidem voluptatum.</p>\r\n\r\n<p>Detracto contentiones te est, brute ipsum consul an vis. Mea ei regione blandit ullamcorper, definiebas constituam vix ei. At his ludus nonumes gloriatur. Ne vim tamquam nonumes.</p>\r\n','','<p>Lorem ipsum dolor sit amet, an labores explicari qui, eu nostrum copiosae argumentum has. Latine propriae quo no, unum ridens expetenda id sit, at usu eius eligendi singulis. Sea ocurreret principes ne. At nonumy aperiri pri, nam quodsi copiosae intellegebat et, ex deserunt euripidis usu. Per ad ullum lobortis.</p>\r\n','','','','','','','',3,0,1,13),(69,'Navy Blue Phillies Hoodie For Women','Pink Polyester Long Sleeve Jacket','','34',25,'product-featured-69.jpg','<p>Lorem ipsum dolor sit amet, an labores explicari qui, eu nostrum copiosae argumentum has. Latine propriae quo no, unum ridens expetenda id sit, at usu eius eligendi singulis. Sea ocurreret principes ne. At nonumy aperiri pri, nam quodsi copiosae intellegebat et, ex deserunt euripidis usu. Per ad ullum lobortis. Duo volutpat imperdiet ut, postea salutatus imperdiet ut per, ad utinam debitis invenire has.</p>\r\n\r\n<p>Liber utroque vim an, ne his brute vivendo, est fabulas consetetur appellantur an. In dolore legendos quo, ne ferri noluisse sed. Tantas eligendi at ius. Purto ipsum nemore sit ad.</p>\r\n\r\n<p>Vix tale noluisse voluptua ad, ne brute altera democritum cum. Omnes ornatus qui et, te aeterno discere ocurreret sea. Tollit cetero cu usu, etiam evertitur id nec. Id pro unum pertinax oportere, vel ad ridens mollis. Ad ius meis suavitate voluptaria.</p>\r\n\r\n<p>Mei ut errem legimus periculis, eos liber epicurei necessitatibus eu, facilisi postulant vel no. Ad mea commune disputando, cu vel choro exerci. Pri et oratio iisque atomorum, enim detracto mei ne, id eos soleat iudicabit. Ne reque reformidans mei, rebum delicata consequuntur an sit. Sea ad audire utamur. Ut mei ridens minimum intellegat, perpetua euripidis te qui, ad consul intellegebat comprehensam eum.</p>\r\n\r\n<p>Ex vix alienum sadipscing, quod melius philosophia id has. Ad qui quem reprimique, quo possit detracto reprimique no, sint reque officiis ei per. Ea regione commune volutpat pro, fabulas facilis omnesque mei ne. Cu unum detracto comprehensam sea, ad vim ancillae principes, ex usu fugit consulatu. Vis te purto equidem voluptatum.</p>\r\n\r\n<p>Detracto contentiones te est, brute ipsum consul an vis. Mea ei regione blandit ullamcorper, definiebas constituam vix ei. At his ludus nonumes gloriatur. Ne vim tamquam nonumes.</p>\r\n','','<p>Lorem ipsum dolor sit amet, an labores explicari qui, eu nostrum copiosae argumentum has. Latine propriae quo no, unum ridens expetenda id sit, at usu eius eligendi singulis. Sea ocurreret principes ne. At nonumy aperiri pri, nam quodsi copiosae intellegebat et, ex deserunt euripidis usu. Per ad ullum lobortis.</p>\r\n','','','','','','','',0,0,1,14),(70,'Apara Gray Phillies Hoodie For Women','Pink Polyester Long Sleeve Jacket','','24',34,'product-featured-70.jpg','<p>Lorem ipsum dolor sit amet, an labores explicari qui, eu nostrum copiosae argumentum has. Latine propriae quo no, unum ridens expetenda id sit, at usu eius eligendi singulis. Sea ocurreret principes ne. At nonumy aperiri pri, nam quodsi copiosae intellegebat et, ex deserunt euripidis usu. Per ad ullum lobortis. Duo volutpat imperdiet ut, postea salutatus imperdiet ut per, ad utinam debitis invenire has.</p>\r\n\r\n<p>Liber utroque vim an, ne his brute vivendo, est fabulas consetetur appellantur an. In dolore legendos quo, ne ferri noluisse sed. Tantas eligendi at ius. Purto ipsum nemore sit ad.</p>\r\n\r\n<p>Vix tale noluisse voluptua ad, ne brute altera democritum cum. Omnes ornatus qui et, te aeterno discere ocurreret sea. Tollit cetero cu usu, etiam evertitur id nec. Id pro unum pertinax oportere, vel ad ridens mollis. Ad ius meis suavitate voluptaria.</p>\r\n\r\n<p>Mei ut errem legimus periculis, eos liber epicurei necessitatibus eu, facilisi postulant vel no. Ad mea commune disputando, cu vel choro exerci. Pri et oratio iisque atomorum, enim detracto mei ne, id eos soleat iudicabit. Ne reque reformidans mei, rebum delicata consequuntur an sit. Sea ad audire utamur. Ut mei ridens minimum intellegat, perpetua euripidis te qui, ad consul intellegebat comprehensam eum.</p>\r\n\r\n<p>Ex vix alienum sadipscing, quod melius philosophia id has. Ad qui quem reprimique, quo possit detracto reprimique no, sint reque officiis ei per. Ea regione commune volutpat pro, fabulas facilis omnesque mei ne. Cu unum detracto comprehensam sea, ad vim ancillae principes, ex usu fugit consulatu. Vis te purto equidem voluptatum.</p>\r\n\r\n<p>Detracto contentiones te est, brute ipsum consul an vis. Mea ei regione blandit ullamcorper, definiebas constituam vix ei. At his ludus nonumes gloriatur. Ne vim tamquam nonumes.</p>\r\n','','<p>Lorem ipsum dolor sit amet, an labores explicari qui, eu nostrum copiosae argumentum has. Latine propriae quo no, unum ridens expetenda id sit, at usu eius eligendi singulis. Sea ocurreret principes ne. At nonumy aperiri pri, nam quodsi copiosae intellegebat et, ex deserunt euripidis usu. Per ad ullum lobortis.</p>\r\n','','','','','','','',0,0,1,14),(71,'Apara Pink Phillies Hoodie For Women','Pink Polyester Long Sleeve Jacket','','21',34,'product-featured-71.jpg','<p>Lorem ipsum dolor sit amet, an labores explicari qui, eu nostrum copiosae argumentum has. Latine propriae quo no, unum ridens expetenda id sit, at usu eius eligendi singulis. Sea ocurreret principes ne. At nonumy aperiri pri, nam quodsi copiosae intellegebat et, ex deserunt euripidis usu. Per ad ullum lobortis. Duo volutpat imperdiet ut, postea salutatus imperdiet ut per, ad utinam debitis invenire has.</p>\r\n\r\n<p>Liber utroque vim an, ne his brute vivendo, est fabulas consetetur appellantur an. In dolore legendos quo, ne ferri noluisse sed. Tantas eligendi at ius. Purto ipsum nemore sit ad.</p>\r\n\r\n<p>Vix tale noluisse voluptua ad, ne brute altera democritum cum. Omnes ornatus qui et, te aeterno discere ocurreret sea. Tollit cetero cu usu, etiam evertitur id nec. Id pro unum pertinax oportere, vel ad ridens mollis. Ad ius meis suavitate voluptaria.</p>\r\n\r\n<p>Mei ut errem legimus periculis, eos liber epicurei necessitatibus eu, facilisi postulant vel no. Ad mea commune disputando, cu vel choro exerci. Pri et oratio iisque atomorum, enim detracto mei ne, id eos soleat iudicabit. Ne reque reformidans mei, rebum delicata consequuntur an sit. Sea ad audire utamur. Ut mei ridens minimum intellegat, perpetua euripidis te qui, ad consul intellegebat comprehensam eum.</p>\r\n\r\n<p>Ex vix alienum sadipscing, quod melius philosophia id has. Ad qui quem reprimique, quo possit detracto reprimique no, sint reque officiis ei per. Ea regione commune volutpat pro, fabulas facilis omnesque mei ne. Cu unum detracto comprehensam sea, ad vim ancillae principes, ex usu fugit consulatu. Vis te purto equidem voluptatum.</p>\r\n\r\n<p>Detracto contentiones te est, brute ipsum consul an vis. Mea ei regione blandit ullamcorper, definiebas constituam vix ei. At his ludus nonumes gloriatur. Ne vim tamquam nonumes.</p>\r\n','','<p>Lorem ipsum dolor sit amet, an labores explicari qui, eu nostrum copiosae argumentum has. Latine propriae quo no, unum ridens expetenda id sit, at usu eius eligendi singulis. Sea ocurreret principes ne. At nonumy aperiri pri, nam quodsi copiosae intellegebat et, ex deserunt euripidis usu. Per ad ullum lobortis.</p>\r\n','','','','','','','',1,0,1,14),(72,'Colorant Red Wool Blazer For Women','Pink Polyester Long Sleeve Jacket','','32',34,'product-featured-72.jpg','<p>Lorem ipsum dolor sit amet, an labores explicari qui, eu nostrum copiosae argumentum has. Latine propriae quo no, unum ridens expetenda id sit, at usu eius eligendi singulis. Sea ocurreret principes ne. At nonumy aperiri pri, nam quodsi copiosae intellegebat et, ex deserunt euripidis usu. Per ad ullum lobortis. Duo volutpat imperdiet ut, postea salutatus imperdiet ut per, ad utinam debitis invenire has.</p>\r\n\r\n<p>Liber utroque vim an, ne his brute vivendo, est fabulas consetetur appellantur an. In dolore legendos quo, ne ferri noluisse sed. Tantas eligendi at ius. Purto ipsum nemore sit ad.</p>\r\n\r\n<p>Vix tale noluisse voluptua ad, ne brute altera democritum cum. Omnes ornatus qui et, te aeterno discere ocurreret sea. Tollit cetero cu usu, etiam evertitur id nec. Id pro unum pertinax oportere, vel ad ridens mollis. Ad ius meis suavitate voluptaria.</p>\r\n\r\n<p>Mei ut errem legimus periculis, eos liber epicurei necessitatibus eu, facilisi postulant vel no. Ad mea commune disputando, cu vel choro exerci. Pri et oratio iisque atomorum, enim detracto mei ne, id eos soleat iudicabit. Ne reque reformidans mei, rebum delicata consequuntur an sit. Sea ad audire utamur. Ut mei ridens minimum intellegat, perpetua euripidis te qui, ad consul intellegebat comprehensam eum.</p>\r\n\r\n<p>Ex vix alienum sadipscing, quod melius philosophia id has. Ad qui quem reprimique, quo possit detracto reprimique no, sint reque officiis ei per. Ea regione commune volutpat pro, fabulas facilis omnesque mei ne. Cu unum detracto comprehensam sea, ad vim ancillae principes, ex usu fugit consulatu. Vis te purto equidem voluptatum.</p>\r\n\r\n<p>Detracto contentiones te est, brute ipsum consul an vis. Mea ei regione blandit ullamcorper, definiebas constituam vix ei. At his ludus nonumes gloriatur. Ne vim tamquam nonumes.</p>\r\n','','<p>Lorem ipsum dolor sit amet, an labores explicari qui, eu nostrum copiosae argumentum has. Latine propriae quo no, unum ridens expetenda id sit, at usu eius eligendi singulis. Sea ocurreret principes ne. At nonumy aperiri pri, nam quodsi copiosae intellegebat et, ex deserunt euripidis usu. Per ad ullum lobortis.</p>\r\n','','','','','','','',2,0,1,15),(73,'White Synthetic Jacket for Women','Pink Polyester Long Sleeve Jacket','','29',34,'product-featured-73.jpg','<p>Lorem ipsum dolor sit amet, an labores explicari qui, eu nostrum copiosae argumentum has. Latine propriae quo no, unum ridens expetenda id sit, at usu eius eligendi singulis. Sea ocurreret principes ne. At nonumy aperiri pri, nam quodsi copiosae intellegebat et, ex deserunt euripidis usu. Per ad ullum lobortis. Duo volutpat imperdiet ut, postea salutatus imperdiet ut per, ad utinam debitis invenire has.</p>\r\n\r\n<p>Liber utroque vim an, ne his brute vivendo, est fabulas consetetur appellantur an. In dolore legendos quo, ne ferri noluisse sed. Tantas eligendi at ius. Purto ipsum nemore sit ad.</p>\r\n\r\n<p>Vix tale noluisse voluptua ad, ne brute altera democritum cum. Omnes ornatus qui et, te aeterno discere ocurreret sea. Tollit cetero cu usu, etiam evertitur id nec. Id pro unum pertinax oportere, vel ad ridens mollis. Ad ius meis suavitate voluptaria.</p>\r\n\r\n<p>Mei ut errem legimus periculis, eos liber epicurei necessitatibus eu, facilisi postulant vel no. Ad mea commune disputando, cu vel choro exerci. Pri et oratio iisque atomorum, enim detracto mei ne, id eos soleat iudicabit. Ne reque reformidans mei, rebum delicata consequuntur an sit. Sea ad audire utamur. Ut mei ridens minimum intellegat, perpetua euripidis te qui, ad consul intellegebat comprehensam eum.</p>\r\n\r\n<p>Ex vix alienum sadipscing, quod melius philosophia id has. Ad qui quem reprimique, quo possit detracto reprimique no, sint reque officiis ei per. Ea regione commune volutpat pro, fabulas facilis omnesque mei ne. Cu unum detracto comprehensam sea, ad vim ancillae principes, ex usu fugit consulatu. Vis te purto equidem voluptatum.</p>\r\n\r\n<p>Detracto contentiones te est, brute ipsum consul an vis. Mea ei regione blandit ullamcorper, definiebas constituam vix ei. At his ludus nonumes gloriatur. Ne vim tamquam nonumes.</p>\r\n','','<p>Lorem ipsum dolor sit amet, an labores explicari qui, eu nostrum copiosae argumentum has. Latine propriae quo no, unum ridens expetenda id sit, at usu eius eligendi singulis. Sea ocurreret principes ne. At nonumy aperiri pri, nam quodsi copiosae intellegebat et, ex deserunt euripidis usu. Per ad ullum lobortis.</p>\r\n','','','','','','','',0,0,1,15),(74,'Winter Jacket',' å†¬å­£å¤¹å…‹','','10',34,'product-featured-74.png','<p>Childrens winter jacket. Stylish childrens yellow warm down jacket isolated on white background. Winter fashion.<br></p>\r\n','<p>å„¿ç«¥å†¬å­£å¤–å¥—ã€‚æ—¶é«¦çš„å­©å­çš„é»„è‰²æ¸©æš–åœ¨ç™½è‰²èƒŒæ™¯éš”ç»çš„ç¾½ç»’æœã€‚å†¬å­£æ—¶å°šã€‚<br></p>','<p><span style=\"color: rgb(34, 34, 34); font-family: arial, sans-serif; font-size: 16px;\">Military issue&nbsp;</span><b style=\"color: rgb(34, 34, 34); font-family: arial, sans-serif; font-size: 16px;\">winter</b><span style=\"color: rgb(34, 34, 34); font-family: arial, sans-serif; font-size: 16px;\">&nbsp;clothing evolved from heavy&nbsp;</span><b style=\"color: rgb(34, 34, 34); font-family: arial, sans-serif; font-size: 16px;\">coats</b><span style=\"color: rgb(34, 34, 34); font-family: arial, sans-serif; font-size: 16px;\">&nbsp;and&nbsp;</span><b style=\"color: rgb(34, 34, 34); font-family: arial, sans-serif; font-size: 16px;\">jackets</b><span style=\"color: rgb(34, 34, 34); font-family: arial, sans-serif; font-size: 16px;\">&nbsp;to multilayered clothing for the purpose of keeping troops warm during&nbsp;</span><b style=\"color: rgb(34, 34, 34); font-family: arial, sans-serif; font-size: 16px;\">winter</b><span style=\"color: rgb(34, 34, 34); font-family: arial, sans-serif; font-size: 16px;\">&nbsp;battles. ...&nbsp;</span><b style=\"color: rgb(34, 34, 34); font-family: arial, sans-serif; font-size: 16px;\">Winter</b><span style=\"color: rgb(34, 34, 34); font-family: arial, sans-serif; font-size: 16px;\">&nbsp;clothes used for sports and recreation includes ski suits and snowmobile suits. Many northern cultures use animal fur to make&nbsp;</span><b style=\"color: rgb(34, 34, 34); font-family: arial, sans-serif; font-size: 16px;\">winter</b><span style=\"color: rgb(34, 34, 34); font-family: arial, sans-serif; font-size: 16px;\">&nbsp;clothes.</span><br></p>\r\n','<p>å†›äº‹é—®é¢˜çš„å†¬å­£æœè£…ä»ŽåŽšé‡çš„å¤–å¥—å’Œå¤¹å…‹æ¼”å˜ä¸ºå¤šå±‚æœè£…ï¼Œç›®çš„æ˜¯åœ¨å†¬å­£æˆ˜æ–—ä¸­ä½¿éƒ¨é˜Ÿä¿æŒæ¸©æš–ã€‚ ...ç”¨äºŽè¿åŠ¨å’Œä¼‘é—²çš„å†¬è£…åŒ…æ‹¬æ»‘é›ªæœå’Œé›ªåœ°æ‘©æ‰˜æœã€‚è®¸å¤šåŒ—æ–¹æ–‡åŒ–ä½¿ç”¨åŠ¨ç‰©çš®æ¯›åˆ¶ä½œå†¬å¤©çš„è¡£æœ<br></p>','<p>Winter clothing are clothes used for protection against the particularly cold weather of winter. Often they have a good water resistance, consist of multiple layers to protect and insulate against low temperatures<br></p>','<p>å†¬å­£æœè£…æ˜¯ç”¨äºŽé˜²æ­¢å†¬å­£ç‰¹åˆ«å¯’å†·çš„è¡£æœã€‚é€šå¸¸ï¼Œå®ƒä»¬å…·æœ‰è‰¯å¥½çš„è€æ°´æ€§ï¼Œç”±å¤šå±‚ç»„æˆï¼Œä»¥ä¿æŠ¤å’Œéš”ç»ä½Žæ¸©<br></p>','<p>Good</p>','<p>å¥½<br class=\"Apple-interchange-newline\"><br></p>','<p>This product does not cover returns.</p>','<p>æ­¤äº§å“ä¸åŒ…å«é€€è´§<br></p>',5,1,1,15);
/*!40000 ALTER TABLE `tbl_product` ENABLE KEYS */;
UNLOCK TABLES;

--
-- Table structure for table `tbl_product_color`
--

DROP TABLE IF EXISTS `tbl_product_color`;
/*!40101 SET @saved_cs_client     = @@character_set_client */;
/*!40101 SET character_set_client = utf8 */;
CREATE TABLE `tbl_product_color` (
  `id` int(11) NOT NULL AUTO_INCREMENT,
  `color_id` int(11) NOT NULL,
  `p_id` int(11) NOT NULL,
  PRIMARY KEY (`id`)
) ENGINE=InnoDB AUTO_INCREMENT=179 DEFAULT CHARSET=latin1;
/*!40101 SET character_set_client = @saved_cs_client */;

--
-- Dumping data for table `tbl_product_color`
--

LOCK TABLES `tbl_product_color` WRITE;
/*!40000 ALTER TABLE `tbl_product_color` DISABLE KEYS */;
INSERT INTO `tbl_product_color` VALUES (69,1,4),(70,4,4),(82,2,12),(83,9,13),(84,3,14),(85,2,15),(86,6,15),(87,3,16),(88,3,17),(89,2,18),(90,3,19),(91,1,20),(92,8,21),(93,2,22),(94,2,23),(95,2,25),(96,5,26),(97,2,27),(98,4,27),(99,5,28),(100,7,29),(101,10,30),(102,11,31),(103,14,32),(104,15,33),(105,2,34),(106,1,35),(107,3,36),(108,6,37),(109,6,38),(110,2,39),(111,11,42),(112,16,43),(113,16,44),(114,8,45),(115,8,46),(116,2,47),(117,3,48),(118,3,49),(119,2,50),(120,3,51),(121,2,52),(122,3,53),(123,18,54),(124,3,55),(125,3,56),(126,2,57),(127,6,57),(128,2,58),(129,17,59),(130,1,60),(131,2,60),(132,2,61),(133,6,62),(134,2,63),(135,1,64),(136,1,65),(137,8,65),(138,16,66),(139,16,67),(140,10,68),(141,3,69),(142,17,70),(143,10,71),(144,1,72),(145,2,73),(146,6,73),(163,4,74),(166,6,6),(170,1,1),(171,4,1),(172,6,1),(174,7,7),(176,3,8),(177,6,9),(178,3,10);
/*!40000 ALTER TABLE `tbl_product_color` ENABLE KEYS */;
UNLOCK TABLES;

--
-- Table structure for table `tbl_product_photo`
--

DROP TABLE IF EXISTS `tbl_product_photo`;
/*!40101 SET @saved_cs_client     = @@character_set_client */;
/*!40101 SET character_set_client = utf8 */;
CREATE TABLE `tbl_product_photo` (
  `pp_id` int(11) NOT NULL AUTO_INCREMENT,
  `photo` varchar(255) NOT NULL,
  `p_id` int(11) NOT NULL,
  PRIMARY KEY (`pp_id`)
) ENGINE=InnoDB AUTO_INCREMENT=107 DEFAULT CHARSET=latin1;
/*!40101 SET character_set_client = @saved_cs_client */;

--
-- Dumping data for table `tbl_product_photo`
--

LOCK TABLES `tbl_product_photo` WRITE;
/*!40000 ALTER TABLE `tbl_product_photo` DISABLE KEYS */;
INSERT INTO `tbl_product_photo` VALUES (8,'8.jpg',4),(11,'11.png',1),(12,'12.jpg',1),(13,'13.jpg',8),(14,'14.jpg',8),(15,'15.jpg',9),(16,'16.jpg',16),(17,'17.jpg',16),(18,'18.jpg',16),(19,'19.jpg',16),(20,'20.jpg',17),(21,'21.jpg',17),(22,'22.jpg',17),(23,'23.jpg',18),(24,'24.jpg',18),(25,'25.jpg',18),(26,'26.jpg',18),(27,'27.jpg',19),(28,'28.jpg',19),(29,'29.jpg',19),(30,'30.jpg',20),(31,'31.jpg',20),(32,'32.jpg',21),(33,'33.jpg',21),(34,'34.jpg',22),(35,'35.jpg',22),(36,'36.jpg',23),(37,'37.jpg',23),(38,'38.jpg',24),(39,'39.jpg',24),(40,'40.jpg',25),(41,'41.jpg',25),(42,'42.jpg',26),(43,'43.jpg',26),(44,'44.jpg',27),(45,'45.jpg',27),(46,'46.jpg',28),(47,'47.jpg',28),(48,'48.jpg',29),(49,'49.jpg',29),(50,'50.jpg',31),(51,'51.jpg',31),(52,'52.jpg',32),(53,'53.jpg',32),(54,'54.jpg',33),(55,'55.jpg',33),(56,'56.jpg',34),(57,'57.jpg',35),(58,'58.jpg',37),(59,'59.jpg',38),(60,'60.jpg',38),(61,'61.jpg',42),(62,'62.jpg',42),(63,'63.jpg',42),(64,'64.jpg',44),(65,'65.jpg',44),(66,'66.jpg',46),(67,'67.jpg',47),(68,'68.jpg',48),(69,'69.jpg',50),(70,'70.jpg',51),(71,'71.jpg',51),(72,'72.jpg',53),(73,'73.jpg',53),(74,'74.jpg',53),(75,'75.jpg',55),(76,'76.jpg',55),(77,'77.jpg',60),(78,'78.jpg',62),(79,'79.jpg',63),(80,'80.jpg',63),(81,'81.jpg',63),(82,'82.jpg',63),(83,'83.jpg',64),(84,'84.jpg',64),(85,'85.jpg',64),(86,'86.jpg',65),(87,'87.jpg',65),(88,'88.jpg',65),(89,'89.jpg',66),(90,'90.jpg',66),(91,'91.jpg',66),(92,'92.jpg',66),(93,'93.jpg',67),(94,'94.jpg',67),(95,'95.jpg',68),(96,'96.jpg',68),(97,'97.jpg',68),(98,'98.jpg',72),(99,'99.jpg',72),(100,'100.jpg',73),(101,'101.jpg',73),(106,'106.png',74);
/*!40000 ALTER TABLE `tbl_product_photo` ENABLE KEYS */;
UNLOCK TABLES;

--
-- Table structure for table `tbl_product_size`
--

DROP TABLE IF EXISTS `tbl_product_size`;
/*!40101 SET @saved_cs_client     = @@character_set_client */;
/*!40101 SET character_set_client = utf8 */;
CREATE TABLE `tbl_product_size` (
  `id` int(11) NOT NULL AUTO_INCREMENT,
  `size_id` int(11) NOT NULL,
  `p_id` int(11) NOT NULL,
  PRIMARY KEY (`id`)
) ENGINE=InnoDB AUTO_INCREMENT=266 DEFAULT CHARSET=latin1;
/*!40101 SET character_set_client = @saved_cs_client */;

--
-- Dumping data for table `tbl_product_size`
--

LOCK TABLES `tbl_product_size` WRITE;
/*!40000 ALTER TABLE `tbl_product_size` DISABLE KEYS */;
INSERT INTO `tbl_product_size` VALUES (56,8,12),(57,9,12),(58,10,12),(59,11,12),(60,12,12),(61,13,12),(62,9,13),(63,11,13),(64,13,13),(65,15,13),(66,9,14),(67,11,14),(68,12,14),(69,13,14),(70,9,15),(71,11,15),(72,13,15),(73,15,16),(74,16,16),(75,17,16),(76,16,17),(77,17,17),(78,14,18),(79,15,18),(80,16,18),(81,17,18),(82,15,19),(83,16,19),(84,17,19),(85,14,20),(86,15,20),(87,17,20),(88,15,21),(89,17,21),(90,15,22),(91,16,22),(92,17,22),(93,15,23),(94,16,23),(95,17,23),(96,18,25),(97,19,25),(98,20,25),(99,21,25),(100,19,26),(101,21,26),(102,22,26),(103,23,26),(104,19,27),(105,20,27),(106,21,27),(107,22,27),(108,19,28),(109,20,28),(110,21,28),(111,19,29),(112,20,29),(113,22,29),(114,1,30),(115,2,30),(116,3,30),(117,4,30),(118,23,31),(119,26,32),(120,15,33),(121,17,33),(122,19,33),(123,2,34),(124,2,35),(125,2,36),(126,3,36),(127,2,37),(128,3,37),(129,2,38),(130,3,38),(131,4,38),(132,5,38),(133,27,39),(134,8,42),(135,28,43),(136,28,44),(137,2,45),(138,5,45),(139,17,46),(140,19,46),(141,4,47),(142,4,48),(143,3,49),(144,3,50),(145,4,50),(146,5,51),(147,5,52),(148,9,53),(149,11,53),(150,13,53),(151,10,54),(152,11,54),(153,12,54),(154,13,54),(155,14,54),(156,15,54),(157,8,55),(158,9,55),(159,10,55),(160,11,55),(161,12,55),(162,9,56),(163,11,56),(164,13,56),(165,26,57),(166,26,58),(167,26,59),(168,26,60),(169,26,61),(170,26,62),(171,12,63),(172,13,63),(173,14,63),(174,15,63),(175,10,64),(176,11,64),(177,12,64),(178,13,64),(179,14,64),(180,10,65),(181,11,65),(182,12,65),(183,12,66),(184,13,66),(185,14,66),(186,15,66),(187,13,67),(188,14,67),(189,15,67),(190,10,68),(191,11,68),(192,12,68),(193,3,69),(194,4,69),(195,5,69),(196,6,69),(197,3,70),(198,4,70),(199,5,70),(200,6,70),(201,3,71),(202,4,71),(203,5,71),(204,6,71),(205,27,72),(206,3,73),(207,4,73),(239,3,74),(240,4,74),(243,1,6),(247,2,1),(248,5,1),(249,6,1),(253,2,7),(254,3,7),(255,4,7),(258,3,8),(259,4,8),(260,3,9),(261,4,9),(262,3,10),(263,4,10),(264,5,10),(265,6,10);
/*!40000 ALTER TABLE `tbl_product_size` ENABLE KEYS */;
UNLOCK TABLES;

--
-- Table structure for table `tbl_rating`
--

DROP TABLE IF EXISTS `tbl_rating`;
/*!40101 SET @saved_cs_client     = @@character_set_client */;
/*!40101 SET character_set_client = utf8 */;
CREATE TABLE `tbl_rating` (
  `rt_id` int(11) NOT NULL AUTO_INCREMENT,
  `p_id` int(11) NOT NULL,
  `cust_id` int(11) NOT NULL,
  `comment` text NOT NULL,
  `rating` int(11) NOT NULL,
  PRIMARY KEY (`rt_id`)
) ENGINE=InnoDB AUTO_INCREMENT=20 DEFAULT CHARSET=latin1;
/*!40101 SET character_set_client = @saved_cs_client */;

--
-- Dumping data for table `tbl_rating`
--

LOCK TABLES `tbl_rating` WRITE;
/*!40000 ALTER TABLE `tbl_rating` DISABLE KEYS */;
INSERT INTO `tbl_rating` VALUES (2,1,1,'Nice and awesome product',5),(4,4,2,'Not so good',3),(5,31,1,'Very Nice',5),(19,7,1,'',5);
/*!40000 ALTER TABLE `tbl_rating` ENABLE KEYS */;
UNLOCK TABLES;

--
-- Table structure for table `tbl_service`
--

DROP TABLE IF EXISTS `tbl_service`;
/*!40101 SET @saved_cs_client     = @@character_set_client */;
/*!40101 SET character_set_client = utf8 */;
CREATE TABLE `tbl_service` (
  `id` int(11) NOT NULL AUTO_INCREMENT,
  `title` varchar(255) NOT NULL,
  `title_chinese` varchar(255) NOT NULL,
  `content` text NOT NULL,
  `content_chinese` varchar(255) NOT NULL,
  `photo` varchar(255) NOT NULL,
  PRIMARY KEY (`id`)
) ENGINE=InnoDB AUTO_INCREMENT=8 DEFAULT CHARSET=latin1;
/*!40101 SET character_set_client = @saved_cs_client */;

--
-- Dumping data for table `tbl_service`
--

LOCK TABLES `tbl_service` WRITE;
/*!40000 ALTER TABLE `tbl_service` DISABLE KEYS */;
INSERT INTO `tbl_service` VALUES (5,'Easy Returns',' è½»æ¾é€€è´§','In CBRO mall, its easy for you to return items if you wish to replace','åœ¨CBROè´­ç‰©ä¸­å¿ƒï¼Œå¦‚æžœæ‚¨è¦æ›´æ¢ï¼Œå¯ä»¥è½»æ¾é€€è´§','service-5.png'),(6,'Free Shipping',' å…è´¹é€è´§','CBPRO offers Free Shipping to all Major Destinations','CBPROæä¾›å…è´¹é€è´§åˆ°æ‰€æœ‰ä¸»è¦ç›®çš„åœ°','service-6.png'),(7,'Quality Products',' ä¼˜è´¨äº§å“','We take special care to ensure our customers receive genuine quality products','æˆ‘ä»¬ä¼šç‰¹åˆ«æ³¨æ„ç¡®ä¿æˆ‘ä»¬çš„å®¢æˆ·æ”¶åˆ°è´§çœŸä»·å®žçš„äº§å“','service-7.png');
/*!40000 ALTER TABLE `tbl_service` ENABLE KEYS */;
UNLOCK TABLES;

--
-- Table structure for table `tbl_settings`
--

DROP TABLE IF EXISTS `tbl_settings`;
/*!40101 SET @saved_cs_client     = @@character_set_client */;
/*!40101 SET character_set_client = utf8 */;
CREATE TABLE `tbl_settings` (
  `id` int(11) NOT NULL AUTO_INCREMENT,
  `logo` varchar(255) NOT NULL,
  `favicon` varchar(255) NOT NULL,
  `footer_about` text NOT NULL,
  `footer_about_chinese` text NOT NULL,
  `footer_copyright` text NOT NULL,
  `contact_address` text NOT NULL,
  `contact_email` varchar(255) NOT NULL,
  `contact_phone` varchar(255) NOT NULL,
  `contact_fax` varchar(255) NOT NULL,
  `contact_map_iframe` text NOT NULL,
  `receive_email` varchar(255) NOT NULL,
  `receive_email_subject` varchar(255) NOT NULL,
  `receive_email_thank_you_message` text NOT NULL,
  `forget_password_message` text NOT NULL,
  `total_recent_post_footer` int(10) NOT NULL,
  `total_popular_post_footer` int(10) NOT NULL,
  `total_recent_post_sidebar` int(11) NOT NULL,
  `total_popular_post_sidebar` int(11) NOT NULL,
  `total_featured_product_home` int(11) NOT NULL,
  `total_latest_product_home` int(11) NOT NULL,
  `total_popular_product_home` int(11) NOT NULL,
  `meta_title_home` text NOT NULL,
  `meta_keyword_home` text NOT NULL,
  `meta_description_home` text NOT NULL,
  `banner_login` varchar(255) NOT NULL,
  `banner_registration` varchar(255) NOT NULL,
  `banner_forget_password` varchar(255) NOT NULL,
  `banner_reset_password` varchar(255) NOT NULL,
  `banner_search` varchar(255) NOT NULL,
  `banner_cart` varchar(255) NOT NULL,
  `banner_checkout` varchar(255) NOT NULL,
  `banner_product_category` varchar(255) NOT NULL,
  `banner_blog` varchar(255) NOT NULL,
  `cta_title` varchar(255) NOT NULL,
  `cta_title_chinese` varchar(255) NOT NULL,
  `cta_content` text NOT NULL,
  `cta_content_chinese` text NOT NULL,
  `cta_read_more_text` varchar(255) NOT NULL,
  `cta_read_more_text_chinese` varchar(45) NOT NULL,
  `cta_read_more_url` varchar(255) NOT NULL,
  `cta_photo` varchar(255) NOT NULL,
  `featured_product_title` varchar(255) NOT NULL,
  `featured_product_title_chinese` varchar(255) NOT NULL,
  `featured_product_subtitle` varchar(255) NOT NULL,
  `featured_product_subtitle_chinese` varchar(255) NOT NULL,
  `latest_product_title` varchar(255) NOT NULL,
  `latest_product_title_chinese` varchar(255) NOT NULL,
  `latest_product_subtitle` varchar(255) NOT NULL,
  `latest_product_subtitle_chinese` varchar(255) NOT NULL,
  `popular_product_title` varchar(255) NOT NULL,
  `popular_product_title_chinese` varchar(255) NOT NULL,
  `popular_product_subtitle` varchar(255) NOT NULL,
  `popular_product_subtitle_chinese` varchar(255) NOT NULL,
  `testimonial_title` varchar(255) NOT NULL,
  `testimonial_title_chinese` varchar(255) NOT NULL,
  `testimonial_subtitle` varchar(255) NOT NULL,
  `testimonial_subtitle_chinese` varchar(255) NOT NULL,
  `testimonial_photo` varchar(255) NOT NULL,
  `blog_title` varchar(255) NOT NULL,
  `blog_subtitle` varchar(255) NOT NULL,
  `newsletter_text` text NOT NULL,
  `paypal_email` varchar(255) NOT NULL,
  `stripe_public_key` varchar(255) NOT NULL,
  `stripe_secret_key` varchar(255) NOT NULL,
  `bank_detail` text NOT NULL,
  `before_head` text NOT NULL,
  `after_body` text NOT NULL,
  `before_body` text NOT NULL,
  `home_service_on_off` int(11) NOT NULL,
  `home_welcome_on_off` int(11) NOT NULL,
  `home_featured_product_on_off` int(11) NOT NULL,
  `home_latest_product_on_off` int(11) NOT NULL,
  `home_popular_product_on_off` int(11) NOT NULL,
  `home_testimonial_on_off` int(11) NOT NULL,
  `home_blog_on_off` int(11) NOT NULL,
  `newsletter_on_off` int(11) NOT NULL,
  `ads_above_welcome_on_off` int(1) NOT NULL,
  `ads_above_featured_product_on_off` int(1) NOT NULL,
  `ads_above_latest_product_on_off` int(1) NOT NULL,
  `ads_above_popular_product_on_off` int(1) NOT NULL,
  `ads_above_testimonial_on_off` int(1) NOT NULL,
  `ads_category_sidebar_on_off` int(1) NOT NULL,
  `color` varchar(10) CHARACTER SET dec8 NOT NULL,
  PRIMARY KEY (`id`)
) ENGINE=InnoDB AUTO_INCREMENT=2 DEFAULT CHARSET=latin1;
/*!40101 SET character_set_client = @saved_cs_client */;

--
-- Dumping data for table `tbl_settings`
--

LOCK TABLES `tbl_settings` WRITE;
/*!40000 ALTER TABLE `tbl_settings` DISABLE KEYS */;
INSERT INTO `tbl_settings` VALUES (1,'logo.png','favicon.png','<p><span style=\"color: rgb(74, 74, 74); font-family: \" galano=\"\" grotesque=\"\" alt\",=\"\" roboto,=\"\" oxygen,=\"\" ubuntu,=\"\" cantarell,=\"\" \"fira=\"\" sans\",=\"\" \"droid=\"\" \"helvetica=\"\" neue\",=\"\" helvetica,=\"\" arial,=\"\" sans-serif;=\"\" font-size:=\"\" 20px;\"=\"\">If there\'s a business that knows how to speak their customers\' language, it\'s CBPRO Mall</span></p><p><span style=\"color: rgb(74, 74, 74); font-family: \" galano=\"\" grotesque=\"\" alt\",=\"\" roboto,=\"\" oxygen,=\"\" ubuntu,=\"\" cantarell,=\"\" \"fira=\"\" sans\",=\"\" \"droid=\"\" \"helvetica=\"\" neue\",=\"\" helvetica,=\"\" arial,=\"\" sans-serif;=\"\" font-size:=\"\" 20px;\"=\"\"><br></span><span style=\"color: rgb(74, 74, 74); font-family: \" galano=\"\" grotesque=\"\" alt\",=\"\" roboto,=\"\" oxygen,=\"\" ubuntu,=\"\" cantarell,=\"\" \"fira=\"\" sans\",=\"\" \"droid=\"\" \"helvetica=\"\" neue\",=\"\" helvetica,=\"\" arial,=\"\" sans-serif;=\"\" font-size:=\"\" 20px;\"=\"\">This is the first ecommerce mall that accepts investment crypto coins for purchasing goods. Join us and Explore More.</span><br></p>\r\n','å¦‚æžœæœ‰ä¸€å®¶ä¼šè¯´å®¢æˆ·è¯­è¨€çš„ä¼ä¸šï¼Œé‚£å°±æ˜¯CBPRO Mallã€‚è¿™æ˜¯ç¬¬ä¸€ä¸ªæŽ¥å—æŠ•èµ„åŠ å¯†è´§å¸è´­ä¹°å•†å“çš„ç”µå­å•†åŠ¡å•†åŸŽã€‚åŠ å…¥æˆ‘ä»¬ï¼ŒæŽ¢ç´¢æ›´å¤šã€‚<br>','All Rights Reserved.  ç‰ˆæƒæ‰€æœ‰ã€‚','China\r\n\r\nä¸­å›½','info@yourwebsite.com','123-456-7878','123-456-7890','<iframe src=\"https://www.google.com/maps/embed?pb=!1m18!1m12!1m3!1d387142.84040262736!2d-74.25819605476612!3d40.70583158628177!2m3!1f0!2f0!3f0!3m2!1i1024!2i768!4f13.1!3m3!1m2!1s0x89c24fa5d33f083b%3A0xc80b8f06e177fe62!2sNew+York%2C+NY%2C+USA!5e0!3m2!1sen!2sbd!4v1485712851643\" width=\"600\" height=\"450\" frameborder=\"0\" style=\"border:0\" allowfullscreen></iframe>','arefin2k@gmail.com','Visitor Email Message from Ecommerce Website','Thank you for sending email. We will contact you shortly.','A confirmation link is sent to your email address. You will get the password reset information in there.',4,4,5,5,10,10,10,'Ecommerce - Complete Ecommerce PHP Script','ecommerce, cart, checkout, payment, paypal, shop, online shopping, online payment, payment gateway, products, shirt, jeans, t-shirt','This is a complete solution of an online ecommerce website.','banner_login.jpg','banner_registration.jpg','banner_forget_password.jpg','banner_reset_password.jpg','banner_search.jpg','banner_cart.jpg','banner_checkout.jpg','banner_product_category.jpg','banner_blog.jpg','Welcome To CBPRO Ecommerce Mall','æ¬¢è¿Žæ¥åˆ°CBPROç”µå­å•†åŠ¡å•†åŸŽ','CBPRO Mall is the world\'s first ecommerce mall where an investment coin can be used for purchasing. We care our community and hence we have come up with the mall','CBPROè´­ç‰©ä¸­å¿ƒæ˜¯ä¸–ç•Œä¸Šç¬¬ä¸€ä¸ªå¯ä»¥ä½¿ç”¨æŠ•èµ„ç¡¬å¸è¿›è¡Œè´­ä¹°çš„ç”µå­å•†åŠ¡è´­ç‰©ä¸­å¿ƒã€‚æˆ‘ä»¬å…³å¿ƒæˆ‘ä»¬çš„ç¤¾åŒºï¼Œå› æ­¤æˆ‘ä»¬æƒ³å‡ºäº†è´­ç‰©ä¸­å¿ƒ','Read More','é˜…è¯»æ›´å¤š','#','cta.png','Featured Products',' ç‰¹è‰²äº§å“','See all our featured products here',' åœ¨è¿™é‡ŒæŸ¥çœ‹æˆ‘ä»¬æ‰€æœ‰çš„ç‰¹è‰²äº§å“','Latest Products','Ch Latest Product 1','See all our latest products from here','CH See all our latest products from here 1','Popular Products','Ch Popular Products 1','See all our popular products from here','Ch See all our products here 1','Testimonials','Ch Testimonials 1','See what our clients tell about us','Ch See What our clients tell about us 1','testimonial.jpg','Latest Blog','See all our latest articles and news from below','Lorem ipsum dolor sit amet, consectetur adipisicing elit. Aliquid fugit expedita, iure ullam cum vero ex sint aperiam maxime.','biz111@shop.com','pk_test_0SwMWadgu8DwmEcPdUPRsZ7b','sk_test_TFcsLJ7xxUtpALbDo1L5c1PN','Bank Name: ABC Bank\r\nAccount Number: 1222320234444\r\nBranch Name: NY Branch\r\nCountry: USA','<script async src=\"https://www.googletagmanager.com/gtag/js?id=GA_TRACKING_ID\"></script>\r\n<script>\r\n  window.dataLayer = window.dataLayer || [];\r\n  function gtag(){dataLayer.push(arguments);}\r\n  gtag(\'js\', new Date());\r\n\r\n  gtag(\'config\', \'GA_TRACKING_ID\');\r\n</script>','<div id=\"fb-root\"></div>\r\n<script>(function(d, s, id) {\r\n  var js, fjs = d.getElementsByTagName(s)[0];\r\n  if (d.getElementById(id)) return;\r\n  js = d.createElement(s); js.id = id;\r\n  js.src = \"//connect.facebook.net/en_US/sdk.js#xfbml=1&version=v2.10&appId=323620764400430\";\r\n  fjs.parentNode.insertBefore(js, fjs);\r\n}(document, \'script\', \'facebook-jssdk\'));</script>','<!--Start of Tawk.to Script-->\r\n<script type=\"text/javascript\">\r\nvar Tawk_API=Tawk_API||{}, Tawk_LoadStart=new Date();\r\n(function(){\r\nvar s1=document.createElement(\"script\"),s0=document.getElementsByTagName(\"script\")[0];\r\ns1.async=true;\r\ns1.src=\'https://embed.tawk.to/5a7c31ded7591465c7077c48/default\';\r\ns1.charset=\'UTF-8\';\r\ns1.setAttribute(\'crossorigin\',\'*\');\r\ns0.parentNode.insertBefore(s1,s0);\r\n})();\r\n</script>\r\n<!--End of Tawk.to Script-->',1,1,1,1,1,1,1,1,1,1,1,1,1,1,'E4144D');
/*!40000 ALTER TABLE `tbl_settings` ENABLE KEYS */;
UNLOCK TABLES;

--
-- Table structure for table `tbl_shipping_cost`
--

DROP TABLE IF EXISTS `tbl_shipping_cost`;
/*!40101 SET @saved_cs_client     = @@character_set_client */;
/*!40101 SET character_set_client = utf8 */;
CREATE TABLE `tbl_shipping_cost` (
  `shipping_cost_id` int(11) NOT NULL AUTO_INCREMENT,
  `country_id` int(11) NOT NULL,
  `amount` varchar(20) NOT NULL,
  PRIMARY KEY (`shipping_cost_id`)
) ENGINE=InnoDB AUTO_INCREMENT=4 DEFAULT CHARSET=latin1;
/*!40101 SET character_set_client = @saved_cs_client */;

--
-- Dumping data for table `tbl_shipping_cost`
--

LOCK TABLES `tbl_shipping_cost` WRITE;
/*!40000 ALTER TABLE `tbl_shipping_cost` DISABLE KEYS */;
INSERT INTO `tbl_shipping_cost` VALUES (1,230,'10'),(2,18,'0'),(3,13,'8');
/*!40000 ALTER TABLE `tbl_shipping_cost` ENABLE KEYS */;
UNLOCK TABLES;

--
-- Table structure for table `tbl_shipping_cost_all`
--

DROP TABLE IF EXISTS `tbl_shipping_cost_all`;
/*!40101 SET @saved_cs_client     = @@character_set_client */;
/*!40101 SET character_set_client = utf8 */;
CREATE TABLE `tbl_shipping_cost_all` (
  `sca_id` int(11) NOT NULL AUTO_INCREMENT,
  `amount` varchar(20) NOT NULL,
  PRIMARY KEY (`sca_id`)
) ENGINE=InnoDB AUTO_INCREMENT=2 DEFAULT CHARSET=latin1;
/*!40101 SET character_set_client = @saved_cs_client */;

--
-- Dumping data for table `tbl_shipping_cost_all`
--

LOCK TABLES `tbl_shipping_cost_all` WRITE;
/*!40000 ALTER TABLE `tbl_shipping_cost_all` DISABLE KEYS */;
INSERT INTO `tbl_shipping_cost_all` VALUES (1,'10');
/*!40000 ALTER TABLE `tbl_shipping_cost_all` ENABLE KEYS */;
UNLOCK TABLES;

--
-- Table structure for table `tbl_size`
--

DROP TABLE IF EXISTS `tbl_size`;
/*!40101 SET @saved_cs_client     = @@character_set_client */;
/*!40101 SET character_set_client = utf8 */;
CREATE TABLE `tbl_size` (
  `size_id` int(11) NOT NULL AUTO_INCREMENT,
  `size_name` varchar(255) NOT NULL,
  PRIMARY KEY (`size_id`)
) ENGINE=InnoDB AUTO_INCREMENT=29 DEFAULT CHARSET=latin1;
/*!40101 SET character_set_client = @saved_cs_client */;

--
-- Dumping data for table `tbl_size`
--

LOCK TABLES `tbl_size` WRITE;
/*!40000 ALTER TABLE `tbl_size` DISABLE KEYS */;
INSERT INTO `tbl_size` VALUES (1,'XS'),(2,'S'),(3,'M'),(4,'L'),(5,'XL'),(6,'XXL'),(7,'3XL'),(8,'31'),(9,'32'),(10,'33'),(11,'34'),(12,'35'),(13,'36'),(14,'37'),(15,'38'),(16,'39'),(17,'40'),(18,'41'),(19,'42'),(20,'43'),(21,'44'),(22,'45'),(23,'46'),(24,'47'),(25,'48'),(26,'Free Size'),(27,'One Size for All'),(28,'10');
/*!40000 ALTER TABLE `tbl_size` ENABLE KEYS */;
UNLOCK TABLES;

--
-- Table structure for table `tbl_slider`
--

DROP TABLE IF EXISTS `tbl_slider`;
/*!40101 SET @saved_cs_client     = @@character_set_client */;
/*!40101 SET character_set_client = utf8 */;
CREATE TABLE `tbl_slider` (
  `id` int(11) NOT NULL AUTO_INCREMENT,
  `photo` varchar(255) NOT NULL,
  `heading` varchar(255) NOT NULL,
  `heading_chinese` varchar(255) NOT NULL,
  `content` text NOT NULL,
  `content_chinese` varchar(255) NOT NULL,
  `button_text` varchar(255) NOT NULL,
  `button_text_chinese` varchar(255) NOT NULL,
  `button_url` varchar(255) NOT NULL,
  `position` varchar(255) NOT NULL,
  PRIMARY KEY (`id`)
) ENGINE=InnoDB AUTO_INCREMENT=4 DEFAULT CHARSET=latin1;
/*!40101 SET character_set_client = @saved_cs_client */;

--
-- Dumping data for table `tbl_slider`
--

LOCK TABLES `tbl_slider` WRITE;
/*!40000 ALTER TABLE `tbl_slider` DISABLE KEYS */;
INSERT INTO `tbl_slider` VALUES (1,'slider-1.png','Ecommerce Solutions','ç”µå­å•†åŠ¡è§£å†³æ–¹æ¡ˆ','Welcome to World\'s First Ecommerce Mall','æ¬¢è¿Žæ¥åˆ°ä¸–ç•Œä¸Šç¬¬ä¸€ä¸ªç”µå­å•†åŠ¡å•†åŸŽ','Read More',' é˜…è¯»æ›´å¤š','#','Left'),(2,'slider-2.png','Use CBPRO',' ä½¿ç”¨CBPRO','CBPRO is no more just the investment token. Use it to buy items here.','CBPROä¸å†åªæ˜¯æŠ•èµ„ä»£å¸ã€‚ç”¨å®ƒåœ¨è¿™é‡Œè´­ä¹°ç‰©å“ã€‚','Read More','é˜…è¯»æ›´å¤š','#','Center'),(3,'slider-3.png','We Believe in Community','æˆ‘ä»¬ç›¸ä¿¡ç¤¾åŒº','Community is the Strength. Hence, We Grow With You. CBPRO came as investment, now we are moving to Service','ç¤¾åŒºæ˜¯åŠ›é‡ã€‚å› æ­¤ï¼Œæˆ‘ä»¬ä¸Žæ‚¨ä¸€åŒæˆé•¿ã€‚ CBPROæ˜¯ä¸€é¡¹æŠ•èµ„ï¼ŒçŽ°åœ¨æˆ‘ä»¬è¦è½¬å‘æœåŠ¡','Read More','é˜…è¯»æ›´å¤š','#','Right');
/*!40000 ALTER TABLE `tbl_slider` ENABLE KEYS */;
UNLOCK TABLES;

--
-- Table structure for table `tbl_social`
--

DROP TABLE IF EXISTS `tbl_social`;
/*!40101 SET @saved_cs_client     = @@character_set_client */;
/*!40101 SET character_set_client = utf8 */;
CREATE TABLE `tbl_social` (
  `social_id` int(11) NOT NULL AUTO_INCREMENT,
  `social_name` varchar(30) NOT NULL,
  `social_url` varchar(255) NOT NULL,
  `social_icon` varchar(30) NOT NULL,
  PRIMARY KEY (`social_id`)
) ENGINE=InnoDB AUTO_INCREMENT=17 DEFAULT CHARSET=latin1;
/*!40101 SET character_set_client = @saved_cs_client */;

--
-- Dumping data for table `tbl_social`
--

LOCK TABLES `tbl_social` WRITE;
/*!40000 ALTER TABLE `tbl_social` DISABLE KEYS */;
INSERT INTO `tbl_social` VALUES (1,'Facebook','#','fa fa-facebook'),(2,'Twitter','#','fa fa-twitter'),(3,'LinkedIn','#','fa fa-linkedin'),(4,'Google Plus','','fa fa-google-plus'),(5,'Pinterest','#','fa fa-pinterest'),(6,'YouTube','#','fa fa-youtube'),(7,'Instagram','','fa fa-instagram'),(8,'Tumblr','','fa fa-tumblr'),(9,'Flickr','','fa fa-flickr'),(10,'Reddit','','fa fa-reddit'),(11,'Snapchat','','fa fa-snapchat'),(12,'WhatsApp','','fa fa-whatsapp'),(13,'Quora','','fa fa-quora'),(14,'StumbleUpon','','fa fa-stumbleupon'),(15,'Delicious','','fa fa-delicious'),(16,'Digg','','fa fa-digg');
/*!40000 ALTER TABLE `tbl_social` ENABLE KEYS */;
UNLOCK TABLES;

--
-- Table structure for table `tbl_subscriber`
--

DROP TABLE IF EXISTS `tbl_subscriber`;
/*!40101 SET @saved_cs_client     = @@character_set_client */;
/*!40101 SET character_set_client = utf8 */;
CREATE TABLE `tbl_subscriber` (
  `subs_id` int(11) NOT NULL AUTO_INCREMENT,
  `subs_email` varchar(255) NOT NULL,
  `subs_date` varchar(100) NOT NULL,
  `subs_date_time` varchar(100) NOT NULL,
  `subs_hash` varchar(255) NOT NULL,
  `subs_active` int(11) NOT NULL,
  PRIMARY KEY (`subs_id`)
) ENGINE=InnoDB AUTO_INCREMENT=8 DEFAULT CHARSET=latin1;
/*!40101 SET character_set_client = @saved_cs_client */;

--
-- Dumping data for table `tbl_subscriber`
--

LOCK TABLES `tbl_subscriber` WRITE;
/*!40000 ALTER TABLE `tbl_subscriber` DISABLE KEYS */;
INSERT INTO `tbl_subscriber` VALUES (4,'jbbr.1990@gmail.com','2017-08-10','2017-08-10 07:44:23','',1),(5,'abc@gmail.com','2018-02-04','2018-02-04 07:36:40','c1acf1f202e2df2b2afaa53e39f53677',0),(6,'asdf@das.asd','2018-02-05','2018-02-05 07:07:08','ca71f3d85c8c51e2605b726791479de0',0),(7,'testsubscribe@gmail.com','2020-05-16','2020-05-16 19:33:42','d5bcf08fd5c80d55b7746e3a43f1bfce',0);
/*!40000 ALTER TABLE `tbl_subscriber` ENABLE KEYS */;
UNLOCK TABLES;

--
-- Table structure for table `tbl_testimonial`
--

DROP TABLE IF EXISTS `tbl_testimonial`;
/*!40101 SET @saved_cs_client     = @@character_set_client */;
/*!40101 SET character_set_client = utf8 */;
CREATE TABLE `tbl_testimonial` (
  `id` int(11) NOT NULL AUTO_INCREMENT,
  `name` varchar(255) NOT NULL,
  `designation` varchar(255) NOT NULL,
  `company` varchar(255) NOT NULL,
  `photo` varchar(255) NOT NULL,
  `comment` text NOT NULL,
  `comment_chinese` text NOT NULL,
  PRIMARY KEY (`id`)
) ENGINE=InnoDB AUTO_INCREMENT=5 DEFAULT CHARSET=latin1;
/*!40101 SET character_set_client = @saved_cs_client */;

--
-- Dumping data for table `tbl_testimonial`
--

LOCK TABLES `tbl_testimonial` WRITE;
/*!40000 ALTER TABLE `tbl_testimonial` DISABLE KEYS */;
INSERT INTO `tbl_testimonial` VALUES (1,'John Doe','Managing Director','ABC Inc.','testimonial-1.jpg','Mei ut errem legimus periculis, eos liber epicurei necessitatibus eu, facilisi postulant vel no. Ad mea commune disputando, cu vel choro exerci. Pri et oratio iisque atomorum, enim detracto mei ne, id eos soleat iudicabit. Ne reque reformidans mei, rebum delicata consequuntur an sit.','Ch Mei ut errem legimus periculis, eos liber epicurei necessitatibus eu, facilisi postulant vel no. Ad mea commune disputando, cu vel choro exerci. Pri et oratio iisque atomorum, enim detracto mei ne, id eos soleat iudicabit. Ne reque reformidans mei, rebum delicata consequuntur an sit.'),(2,'Dadiv Smith','CEO','SS Multimedia','testimonial-2.jpg','Mei ut errem legimus periculis, eos liber epicurei necessitatibus eu, facilisi postulant vel no. Ad mea commune disputando, cu vel choro exerci. Pri et oratio iisque atomorum, enim detracto mei ne, id eos soleat iudicabit. Ne reque reformidans mei, rebum delicata consequuntur an sit.','Ch Mei ut errem legimus periculis, eos liber epicurei necessitatibus eu, facilisi postulant vel no. Ad mea commune disputando, cu vel choro exerci. Pri et oratio iisque atomorum, enim detracto mei ne, id eos soleat iudicabit. Ne reque reformidans mei, rebum delicata consequuntur an sit.'),(3,'Stefen Carman','Chairman','GH Group','testimonial-3.jpg','Mei ut errem legimus periculis, eos liber epicurei necessitatibus eu, facilisi postulant vel no. Ad mea commune disputando, cu vel choro exerci. Pri et oratio iisque atomorum, enim detracto mei ne, id eos soleat iudicabit. Ne reque reformidans mei, rebum delicata consequuntur an sit.','Ch Mei ut errem legimus periculis, eos liber epicurei necessitatibus eu, facilisi postulant vel no. Ad mea commune disputando, cu vel choro exerci. Pri et oratio iisque atomorum, enim detracto mei ne, id eos soleat iudicabit. Ne reque reformidans mei, rebum delicata consequuntur an sit.'),(4,'Gary Brent','CFO','XYZ It Solution','testimonial-4.jpg','Mei ut errem legimus periculis, eos liber epicurei necessitatibus eu, facilisi postulant vel no. Ad mea commune disputando, cu vel choro exerci. Pri et oratio iisque atomorum, enim detracto mei ne, id eos soleat iudicabit. Ne reque reformidans mei, rebum delicata consequuntur an sit.','Ch Mei ut errem legimus periculis, eos liber epicurei necessitatibus eu, facilisi postulant vel no. Ad mea commune disputando, cu vel choro exerci. Pri et oratio iisque atomorum, enim detracto mei ne, id eos soleat iudicabit. Ne reque reformidans mei, rebum delicata consequuntur an sit.');
/*!40000 ALTER TABLE `tbl_testimonial` ENABLE KEYS */;
UNLOCK TABLES;

--
-- Table structure for table `tbl_top_category`
--

DROP TABLE IF EXISTS `tbl_top_category`;
/*!40101 SET @saved_cs_client     = @@character_set_client */;
/*!40101 SET character_set_client = utf8 */;
CREATE TABLE `tbl_top_category` (
  `tcat_id` int(11) NOT NULL AUTO_INCREMENT,
  `tcat_name` varchar(255) NOT NULL,
  `tcat_name_chinese` varchar(255) NOT NULL,
  `show_on_menu` int(1) NOT NULL,
  PRIMARY KEY (`tcat_id`)
) ENGINE=InnoDB AUTO_INCREMENT=4 DEFAULT CHARSET=latin1;
/*!40101 SET character_set_client = @saved_cs_client */;

--
-- Dumping data for table `tbl_top_category`
--

LOCK TABLES `tbl_top_category` WRITE;
/*!40000 ALTER TABLE `tbl_top_category` DISABLE KEYS */;
INSERT INTO `tbl_top_category` VALUES (1,'Men','Ch Men',1),(2,'Women','Ch Women',1),(3,'Ladies','Ch Ladies 1',1);
/*!40000 ALTER TABLE `tbl_top_category` ENABLE KEYS */;
UNLOCK TABLES;

--
-- Table structure for table `tbl_user`
--

DROP TABLE IF EXISTS `tbl_user`;
/*!40101 SET @saved_cs_client     = @@character_set_client */;
/*!40101 SET character_set_client = utf8 */;
CREATE TABLE `tbl_user` (
  `id` int(10) NOT NULL AUTO_INCREMENT,
  `full_name` varchar(100) NOT NULL,
  `email` varchar(255) NOT NULL,
  `phone` varchar(100) NOT NULL,
  `password` varchar(255) NOT NULL,
  `photo` varchar(255) NOT NULL,
  `role` varchar(30) NOT NULL,
  `status` varchar(10) NOT NULL,
  PRIMARY KEY (`id`)
) ENGINE=InnoDB AUTO_INCREMENT=15 DEFAULT CHARSET=latin1;
/*!40101 SET character_set_client = @saved_cs_client */;

--
-- Dumping data for table `tbl_user`
--

LOCK TABLES `tbl_user` WRITE;
/*!40000 ALTER TABLE `tbl_user` DISABLE KEYS */;
INSERT INTO `tbl_user` VALUES (1,'John Doe','sadmin@gmail.com','0177777777','81dc9bdb52d04dc20036dbd8313ed055','user-1.jpg','Super Admin','Active'),(13,'David Smith','admin@gmail.com','','81dc9bdb52d04dc20036dbd8313ed055','user-13.jpg','Admin','Active'),(14,'Peter Kanny','publisher@gmail.com','','81dc9bdb52d04dc20036dbd8313ed055','','Publisher','Active');
/*!40000 ALTER TABLE `tbl_user` ENABLE KEYS */;
UNLOCK TABLES;

--
-- Table structure for table `tbl_video`
--

DROP TABLE IF EXISTS `tbl_video`;
/*!40101 SET @saved_cs_client     = @@character_set_client */;
/*!40101 SET character_set_client = utf8 */;
CREATE TABLE `tbl_video` (
  `id` int(11) NOT NULL AUTO_INCREMENT,
  `title` varchar(255) NOT NULL,
  `iframe_code` text NOT NULL,
  PRIMARY KEY (`id`)
) ENGINE=InnoDB AUTO_INCREMENT=5 DEFAULT CHARSET=latin1;
/*!40101 SET character_set_client = @saved_cs_client */;

--
-- Dumping data for table `tbl_video`
--

LOCK TABLES `tbl_video` WRITE;
/*!40000 ALTER TABLE `tbl_video` DISABLE KEYS */;
INSERT INTO `tbl_video` VALUES (1,'Video 1','<iframe width=\"560\" height=\"315\" src=\"https://www.youtube.com/embed/L3XAFSMdVWU\" frameborder=\"0\" allow=\"autoplay; encrypted-media\" allowfullscreen></iframe>'),(2,'Video 2','<iframe width=\"560\" height=\"315\" src=\"https://www.youtube.com/embed/sinQ06YzbJI\" frameborder=\"0\" allow=\"autoplay; encrypted-media\" allowfullscreen></iframe>'),(4,'Video 3','<iframe width=\"560\" height=\"315\" src=\"https://www.youtube.com/embed/ViZNgU-Yt-Y\" frameborder=\"0\" allow=\"autoplay; encrypted-media\" allowfullscreen></iframe>');
/*!40000 ALTER TABLE `tbl_video` ENABLE KEYS */;
UNLOCK TABLES;
/*!40103 SET TIME_ZONE=@OLD_TIME_ZONE */;

/*!40101 SET SQL_MODE=@OLD_SQL_MODE */;
/*!40014 SET FOREIGN_KEY_CHECKS=@OLD_FOREIGN_KEY_CHECKS */;
/*!40014 SET UNIQUE_CHECKS=@OLD_UNIQUE_CHECKS */;
/*!40101 SET CHARACTER_SET_CLIENT=@OLD_CHARACTER_SET_CLIENT */;
/*!40101 SET CHARACTER_SET_RESULTS=@OLD_CHARACTER_SET_RESULTS */;
/*!40101 SET COLLATION_CONNECTION=@OLD_COLLATION_CONNECTION */;
/*!40111 SET SQL_NOTES=@OLD_SQL_NOTES */;

-- Dump completed on 2020-05-30  8:34:22
